 You are impersonating as another user., 您正在模拟其他用户。,
"""Company History""",“公司历史”,
"""Parent"" signifies the parent table in which this row must be added",“parent”表示本条记录必须依赖添加的父表,
"""Team Members"" or ""Management""",“团队成员”或“管理层”,
"""amended_from"" field must be present to do an amendment.",必须出现“modified_from”字段才能进行修改。,
"""{0}"" is not a valid Google Sheets URL",“ {0}”不是有效的Google表格网址,
#{0},#{0},
${values.doctype_name} has been added to queue for optimization,${values.doctype_name} 已加入优化队列,
&copy; Frappe Technologies Pvt. Ltd. and contributors,&copy; Frappe科技有限公司及贡献者,
&lt;head&gt; HTML,&lt;head&gt; HTML,
'*' is only allowed in {0} SQL function(s),'*' 仅允许在 {0} SQL 函数中使用,
'In Global Search' is not allowed for field {0} of type {1},字段类型{1}的字段{0}不允许启用'全局搜索',
'In Global Search' not allowed for type {0} in row {1},行{1}中的类型{0}不允许“全局搜索”,
'In List View' is not allowed for field {0} of type {1},字段类型{1}的字段{0}不允许显示在'列表视图',
'In List View' not allowed for type {0} in row {1},行{1}中的类型{0}不允许选择“在列表视图中显示”,
'Recipients' not specified,&#39;收件人&#39;未指定,
'{0}' is not a valid IBAN,“{0}”不是有效的IBAN号码,
'{0}' is not a valid URL,'{0}' 不是有效的URL,
'{0}' not allowed for type {1} in row {2},第{2}行类型{1}不允许使用'{0}',
(Mandatory),(必填项),
** Failed: {0} to {1}: {2},**失败：{0} {1}：{2},
+ Add / Remove Fields,添加/移除字段,
0 - Draft; 1 - Submitted; 2 - Cancelled,0 - 草稿；1 - 已提交；2 - 已取消,
"0 - too guessable: risky password.
<br>
1 - very guessable: protection from throttled online attacks. 
<br>
2 - somewhat guessable: protection from unthrottled online attacks.
<br>
3 - safely unguessable: moderate protection from offline slow-hash scenario.
<br>
4 - very unguessable: strong protection from offline slow-hash scenario.","0 - 太容易猜测：危险密码。
<br>
1 - 非常容易猜测：仅能防御受限的在线攻击。
<br>
2 - 有点容易猜测：仅能防御不受限的在线攻击。
<br>
3 - 安全：适度防御离线攻击。
<br>
4 - 非常安全：强力防御离线攻击。",
0 is highest,0 为最高,
1 = True & 0 = False,1=真 & 0=假,
"1 Currency = [?] Fraction
For e.g. 1 USD = 100 Cent","1货币 = [？]分
例如1美元 = 100 美分",
1 Day,1天,
1 Google Calendar Event synced.,已同步1个Google日历事件,
1 Report,1个报表,
1 day ago,1天前,
1 hour,1小时,
1 hour ago,1小时前,
1 minute ago,1分钟前,
1 month ago,一个月前,
1 of 2,第1项/共2项,
1 record will be exported,将导出一笔记录,
1 second ago,1秒前,
1 week ago,一周前,
1 year ago,一年前,
2 hours ago,2小时前,
2 months ago,2个月前,
2 weeks ago,2周前,
2 years ago,2年前,
3 minutes ago,3分钟前,
30 minutes,半小时,
4 hours,4小时,
5 Records,5笔记录,
5 days ago,5天前,
<b>{0}</b> is not a valid URL,<b>{0}</b> 不是有效的URL,
"<div class=""alert"">Please don't update it as it can mess up your form. Use the Customize Form View and Custom Fields to set properties!</div>","<div class=""alert"">请不要更新它，否则会弄乱您的表单。使用自定义表单视图和自定义字段来设置属性！</div>",
"<div class=""well"">
    Edit list of Series in the box. Rules:
    <ul>
        <li>Each Series Prefix on a new line.</li>
        <li>Allowed special characters are ""/"" and ""-""</li>
        <li>
            Optionally, set the number of digits in the series using dot (.)
            followed by hashes (#). For example, "".####"" means that the series
            will have four digits. Default is five digits.
        </li>
        <li>
            You can also use variables in the series name by putting them
            between (.) dots
            <br>
            Supported Variables:
            <ul>
                <li><code>.YYYY.</code> - Year in 4 digits</li>
                <li><code>.YY.</code> - Year in 2 digits</li>
                <li><code>.MM.</code> - Month</li>
                <li><code>.DD.</code> - Day of month</li>
                <li><code>.WW.</code> - Week of the year</li>
                <li>
                    <code>.{fieldname}.</code> - fieldname on the document e.g.
                    <code>branch</code>
                </li>
                <li><code>.FY.</code> - Fiscal Year (requires ERPNext to be installed)</li>
                <li><code>.ABBR.</code> - Company Abbreviation (requires ERPNext to be installed)</li>
            </ul>
        </li>
    </ul>
    Examples:
    <ul>
        <li>INV-</li>
        <li>INV-10-</li>
        <li>INVK-</li>
        <li>INV-.YYYY.-.{branch}.-.MM.-.####</li>
    </ul>
</div>
<br>
","<div class=""well"">
    在框中编辑系列列表。规则：
    <ul>
        <li>每个系列前缀占一行。</li>
        <li>允许的特殊字符为“/”和“-”</li>
        <li>
            可选地，使用点 (.)
            后跟井号 (#) 来设置系列中的位数。例如，“.####”表示系列
            将有四位数字。默认值为五位数字。
        </li>
        <li>
            您还可以在系列名称中使用变量，方法是将它们放在
            (.) 点之间
            <br>
            支持的变量：
            <ul>
                <li><code>.YYYY。</code> - 4 位数字的年份</li>
                <li><code>.YY。</code> - 2 位数字的年份</li>
                <li><code>.MM.</code> - 月份</li>
                <li><code>.DD.</code> - 月份中的日期</li>
                <li><code>.WW.</code> - 一年中的周数</li>
                <li><code>.FY.</code> - 财政年度</li>
                <li><code>.ABBR.</code> - 公司缩写</li>
                <li>
                    <code>.{fieldname}.</code> - 文档上的字段名称，例如
                    <code>分支</code>
                </li>
            </ul>
        </li>
    </ul>
    示例：
    <ul>
        <li>INV-</li>
        <li>INV-10-</li>
        <li>INVK-</li>
        <li>INV-.YYYY.-.{branch}.-.MM.-.####</li>
    </ul>
</div>
<br>
",
"<h3>Custom CSS Help</h3>

<p>Notes:</p>

<ol>
<li>All field groups (label + value) are set attributes <code>data-fieldtype</code> and <code>data-fieldname</code></li>
<li>All values are given class <code>value</code></li>
<li>All Section Breaks are given class <code>section-break</code></li>
<li>All Column Breaks are given class <code>column-break</code></li>
</ol>

<h4>Examples</h4>

<p>1. Left align integers</p>

<pre><code>[data-fieldtype=""Int""] .value { text-align: left; }</code></pre>

<p>1. Add border to sections except the last section</p>

<pre><code>.section-break { padding: 30px 0px; border-bottom: 1px solid #eee; }
.section-break:last-child { padding-bottom: 0px; border-bottom: 0px;  }</code></pre>
","<h3>自定义 CSS 帮助</h3>

<p>注释：</p>

<ol>
<li>所有字段组（标签 + 值）都设置了属性<code>data-fieldtype</code>和<code>data-fieldname</code></li>
<li>所有值都有类<code>value</code></li>
<li>所有分段断开均使用<code>section-break</code>类</li>
<li>所有分隔列均为<code>column-break</code>类</li>
</ol>

<h4>示例</h4>

<p>1.左对齐整数</p>

<pre><code>[data-fieldtype=""Int""] .value { text-align: left; }</code></pre>

<p>1.为除最后一节外的各节添加边框</p>

<pre><code>.section-break { padding：30px 0px; border-bottom：1px solid #eee; }
.section-break:last-child { padding-bottom：0px; border-bottom：0px; }</code></pre>
",
"<h3>Print Format Help</h3>
<hr>
<h4>Introduction</h4>
<p>Print Formats are rendered on the server side using the Jinja Templating Language. All forms have access to the <code>doc</code> object which contains information about the document that is being formatted. You can also access common utilities via the <code>frappe</code> module.</p>
<p>For styling, the Boostrap CSS framework is provided and you can enjoy the full range of classes.</p>
<hr>
<h4>References</h4>
<ol>
	<li><a href=""http://jinja.pocoo.org/docs/templates/"" target=""_blank"">Jinja Templating Language</a></li>
	<li><a href=""http://getbootstrap.com"" target=""_blank"">Bootstrap CSS Framework</a></li>
</ol>
<hr>
<h4>Example</h4>
<pre><code>&lt;h3&gt;{{ doc.select_print_heading or ""Invoice"" }}&lt;/h3&gt;
&lt;div class=""row""&gt;
	&lt;div class=""col-md-3 text-right""&gt;Customer Name&lt;/div&gt;
	&lt;div class=""col-md-9""&gt;{{ doc.customer_name }}&lt;/div&gt;
&lt;/div&gt;
&lt;div class=""row""&gt;
	&lt;div class=""col-md-3 text-right""&gt;Date&lt;/div&gt;
	&lt;div class=""col-md-9""&gt;{{ doc.get_formatted(""invoice_date"") }}&lt;/div&gt;
&lt;/div&gt;
&lt;table class=""table table-bordered""&gt;
	&lt;tbody&gt;
		&lt;tr&gt;
			&lt;th&gt;Sr&lt;/th&gt;
			&lt;th&gt;Item Name&lt;/th&gt;
			&lt;th&gt;Description&lt;/th&gt;
			&lt;th class=""text-right""&gt;Qty&lt;/th&gt;
			&lt;th class=""text-right""&gt;Rate&lt;/th&gt;
			&lt;th class=""text-right""&gt;Amount&lt;/th&gt;
		&lt;/tr&gt;
		{%- for row in doc.items -%}
		&lt;tr&gt;
			&lt;td style=""width: 3%;""&gt;{{ row.idx }}&lt;/td&gt;
			&lt;td style=""width: 20%;""&gt;
				{{ row.item_name }}
				{% if row.item_code != row.item_name -%}
				&lt;br&gt;Item Code: {{ row.item_code}}
				{%- endif %}
			&lt;/td&gt;
			&lt;td style=""width: 37%;""&gt;
				&lt;div style=""border: 0px;""&gt;{{ row.description }}&lt;/div&gt;&lt;/td&gt;
			&lt;td style=""width: 10%; text-align: right;""&gt;{{ row.qty }} {{ row.uom or row.stock_uom }}&lt;/td&gt;
			&lt;td style=""width: 15%; text-align: right;""&gt;{{
				row.get_formatted(""rate"", doc) }}&lt;/td&gt;
			&lt;td style=""width: 15%; text-align: right;""&gt;{{
				row.get_formatted(""amount"", doc) }}&lt;/td&gt;
		&lt;/tr&gt;
		{%- endfor -%}
	&lt;/tbody&gt;
&lt;/table&gt;</code></pre>
<hr>
<h4>Common Functions</h4>
<table class=""table table-bordered"">
	<tbody>
		<tr>
			<td style=""width: 30%;""><code>doc.get_formatted(""[fieldname]"", [parent_doc])</code></td>
			<td>Get document value formatted as Date, Currency, etc. Pass parent <code>doc</code> for currency type fields.</td>
		</tr>
		<tr>
			<td style=""width: 30%;""><code>frappe.db.get_value(""[doctype]"", ""[name]"", ""fieldname"")</code></td>
			<td>Get value from another document.</td>
		</tr>
	</tbody>
</table>
","<h3>打印格式帮助</h3>
<hr>
<h4>简介</h4>
<p>打印格式是使用 Jinja 模板语言在服务器端渲染的。所有表单都可以访问<code>doc</code>对象，该对象包含正在格式化的文档的相关信息。你还可以通过<code>frappe</code>模块访问常用工具。</p>
<p>在样式设计方面，我们提供了 Boostrap CSS 框架，你可以使用全部的类。</p>
<hr>
<h4>参考资料</h4>
<ol>
	<li><a href=""http://jinja.pocoo.org/docs/templates/"" target=""_blank"">Jinja 模板语言</a></li>
	<li><a href=""http://getbootstrap.com"" target=""_blank"">Bootstrap CSS 框架</a></li>
</ol>
<hr>
<h4>示例</h4>
<pre><code>&lt;h3&gt;{{ doc.select_print_heading or ""Invoice"" }}&lt;/h3&gt;
&lt;div class=""row""&gt;
	&lt;div class=""col-md-3 text-right""&gt;客户姓名&lt;/div&gt;
	&lt;div class=""col-md-9""&gt;{{ doc.customer_name }}&lt;/div&gt;
&lt;/div&gt;
&lt;div class=""row""&gt;
	&lt;div class=""col-md-3 text-right""&gt;Date&lt;/div&gt;
	&lt;div class=""col-md-9""&gt;{{ doc.get_formatted(""invoice_date"") }}&lt;/div&gt;
&lt;/div&gt;
&lt;table class=""table table- border"" trbodybordered""&gt;
	&lt;tbody&gt;
		&lt;tr&gt;
			&lt;th&gt;Sr&lt;/th&gt;
			&lt;th&gt;Item Name&lt;/th&gt;
			&lt;th&gt;Description&lt;/th&gt;
			&lt;th class=""text- right"" Qty /th th class=""text- right"" Qtyright""&gt;Qty&lt;/th&gt;
			&lt;th class=""text-right""&gt;Rate&lt;/th&gt;
			&lt;th class=""text-right""&gt;Amount&lt;/th&gt;
		&lt;/tr&gt;
		{%- for row in doc.items -%}
		&lt;tr&gt;
			&lt;td style=""width：3%;""&gt;{{ row.idx }}&lt;/td&gt;
			&lt;td style=""width: 20%;""&gt;
				{{ row.item_name }}
				{% if row.item_code != row.item_name -%}
				&lt;br&gt;项目代码： {{ row.item_code}}
				{%- endif %}
			&lt;/td&gt;
			&lt;td style=""width: 37%;""&gt;
				&lt;div style=""border：0px;""&gt;{{ row.description }}&lt;/div&gt;&lt;/td&gt;
			&lt;td style=""width: 10%; text-align: right;""&gt;{{ row.qty }} {{ row.uom or row.stock_uom }}&lt;/td&gt;
			&lt;td style=""width: 15%; text-align: right;""&gt;{{
				row.get_formatted(""rate"", doc) }}&lt;/td&gt;
			&lt;td style=""width: 15%; text-align: right;""&gt;{{
				row.get_formatted(""amount"", doc) }}&lt;/td&gt;
		&lt;/tr&gt;
		{%- endfor -%}
	&lt;/tbody&gt;
&lt;/table&gt;</code></pre>
<hr>
<h4>常用函数</h4>
<table class=""table table-bordered"">
	<tbody>
		<tr>
			<td style=""width: 30%;""><code>doc.get_formatted(""[fieldname]"", [parent_doc])</code></td>
			<td>获取格式为日期、货币等的文档值。对于货币类型字段，请传递父<code>doc</code>。</td>
		</tr>
		<tr>
			<td style=""width: 30%;""><code>frappe.db.get_value(""[doctype]"", ""[name]"", ""fieldname"")</code></td>
			<td>从另一个文档获取值。</td>
		</tr>
	</tbody>
</table>
",
"<h4>Email Reply Example</h4>

<pre>Order Overdue

Transaction {{ name }} has exceeded Due Date. Please take necessary action.

Details

- Customer: {{ customer }}
- Amount: {{ grand_total }}
</pre>

<h4>How to get fieldnames</h4>

<p>The fieldnames you can use in your email template are the fields in the document from which you are sending the email. You can find out the fields of any documents via Setup &gt; Customize Form View and selecting the document type (e.g. Sales Invoice)</p>

<h4>Templating</h4>

<p>Templates are compiled using the Jinja Templating Language. To learn more about Jinja, <a class=""strong"" href=""http://jinja.pocoo.org/docs/dev/templates/"">read this documentation.</a></p>
","<h4>电子邮件回复示例</h4>

<pre>订单逾期

交易 {{ name }} 已超过到期日。请采取必要行动。

详情

- 客户： {{ customer }}
- 金额： {{ grand_total }}
</pre>

<h4>如何获取字段名</h4>

<p>您可以在电子邮件模板中使用的字段名是发送电子邮件的文档中的字段。您可以通过设置 &gt; 自定义表单视图并选择文档类型（如销售发票）来查找任何文档的字段。</p>

<h4>模板</h4>

<p>模板使用 Jinja 模板语言编译。要了解有关 Jinja 的更多信息，请<a class=""strong"" href=""http://jinja.pocoo.org/docs/dev/templates/"">阅读此文档。</a></p>
",
"<h5 class=""text-muted uppercase"">Or</h5>","<h5 class=""text-muted uppercase"">或者</h5>",
"<h5>Message Example</h5>

<pre>&lt;h3&gt;Order Overdue&lt;/h3&gt;

&lt;p&gt;Transaction {{ doc.name }} has exceeded Due Date. Please take necessary action.&lt;/p&gt;

&lt;!-- show last comment --&gt;
{% if comments %}
Last comment: {{ comments[-1].comment }} by {{ comments[-1].by }}
{% endif %}

&lt;h4&gt;Details&lt;/h4&gt;

&lt;ul&gt;
&lt;li&gt;Customer: {{ doc.customer }}
&lt;li&gt;Amount: {{ doc.grand_total }}
&lt;/ul&gt;
</pre>","<h5>信息示例</h5>

<pre>&lt;h3&gt;订单逾期&lt;/h3&gt;

&lt;p&gt;交易 {{ doc.name }} 已超过到期日。请采取必要行动。&lt;/p&gt;

&lt;!-- 显示最后评论 --&gt;
{% if comments %}
最后评论： {{ comments[-1].comment }} by {{ comments[-1].by }}
{% endif %}

&lt;h4&gt;详情&lt;/h4&gt;

&lt;ul&gt;
&lt;li&gt;客户： {{ doc.customer }}
&lt;li&gt;金额： {{ doc.grand_total }}
&lt;/ul&gt;
</pre>",
"<p><strong>Condition Examples:</strong></p>
<pre><code class=""language-python"">doc.status==""Open""<br>doc.due_date==nowdate()<br>doc.total &gt; 40000
</code></pre>
","<p><strong>条件示例:</strong></p>
<pre><code class=""language-python"">doc.status==""Open""<br>doc.due_date==nowdate()<br>doc.total &gt; 40000
</code></pre>
",
"<p><strong>Condition Examples:</strong></p>
<pre>doc.status==""Open""<br>doc.due_date==nowdate()<br>doc.total &gt; 40000
</pre>","<p><strong>条件示例：</strong></p>
<pre>doc.status==""Open""<br>doc.due_date==nowdate()<br>doc.total &gt; 40000
</pre>",
"<p>Multiple webforms can be created for a single doctype. Add filters specific to this webform to display correct record after submission.</p><p>For Example:</p>
<p>If you create a separate webform every year to capture feedback from employees add a 
 field named year in doctype and add a filter <b>year = 2023</b></p>
","<p>可为单一类型创建多个网络表单。为该网络表单添加特定筛选器，以便在提交后显示正确的记录。</p><p>例如</p>
<p>如果您每年都创建一个单独的网络表格来收集员工的反馈意见，请在 doctype 中添加一个名为年份的 
 字段，并添加过滤器<b>年份 = 2023</b></p>
",
"<p>Set context before rendering a template. Example:</p><p>
</p><div><pre><code>
context.project = frappe.get_doc(""Project"", frappe.form_dict.name)
</code></pre></div>","<p>在渲染模板前设置上下文。示例</p><p>
</p><div><pre><code>
context.project = frappe.get_doc(""Project"", frappe.form_dict.name)
</code></pre></div>",
"<p>To interact with above HTML you will have to use `root_element` as a parent selector.</p><p>For example:</p><pre class=""p-3 bg-gray-100 border-radius rounded-sm mb-0"" style=""width: fit-content;""><code>// here root_element is provided by default
let some_class_element = root_element.querySelector('.some-class');
some_class_element.textContent = ""New content"";
</code></pre>","<p>要与上述 HTML 交互，您必须使用 `root_element` 作为父选择器。</p><p>例如：</p><pre class=""p-3 bg-gray-100 border-radius rounded-sm mb-0"" style=""width: fit-content;""><code>// 这里默认提供 root_element
let some_class_element = root_element.querySelector('.some-class');
some_class_element.textContent = ""New content"";
</code></pre>",
"<p>Your OTP secret on {0} has been reset. If you did not perform this reset and did not request it, please contact your System Administrator immediately.</p>",<p>您在{0}的OTP密钥已被重置。若非您本人操作，请立即联系系统管理员。</p>,
"<pre>*  *  *  *  *
┬  ┬  ┬  ┬  ┬
│  │  │  │  │
│  │  │  │  └ day of week (0 - 6) (0 is Sunday)
│  │  │  └───── month (1 - 12)
│  │  └────────── day of month (1 - 31)
│  └─────────────── hour (0 - 23)
└──────────────────── minute (0 - 59)

---

* - Any value
/ - Step values
</pre>
","<pre>* * * * *
┬ ┬ ┬ ┬ ┬
│ │ │ │ │
│ │ │ │ └ 星期几 (0 - 6)（0 为星期日）
│ │ │ └───── 月 (1 - 12)
│ │ └────────── 月中某天 (1 - 31)
│ └──────────────── 小时 (0 - 23)
└──────────────────── 分钟 (0 - 59)

---

* - 任意值
/ - 步长值
</pre>
",
"<pre><code>doc.grand_total &gt; 0</code></pre>

<p>Conditions should be written in simple Python. Please use properties available in the form only.</p>
<p>Allowed functions:
</p><ul>
<li>frappe.db.get_value</li>
<li>frappe.db.get_list</li>
<li>frappe.session</li>
<li>frappe.utils.now_datetime</li>
<li>frappe.utils.get_datetime</li>
<li>frappe.utils.add_to_date</li>
<li>frappe.utils.now</li>
</ul>
<p>Example: </p><pre><code>doc.creation &gt; frappe.utils.add_to_date(frappe.utils.now_datetime(), days=-5, as_string=True, as_datetime=True) </code></pre><p></p>","<pre><code>doc.grand_total &gt; 0</code></pre>

<p>条件应使用简单的 Python 语言编写。请仅使用表单中可用的属性。</p>
<p>允许使用的函数：
</p><ul>
<li>frappe.db.get_value</li>
<li>frappe.db.get_list</li>
<li>frappe.session</li>
<li>frappe.utils.now_datetime</li>
<li>frappe.utils.get_datetime</li>
<li>frappe.utils.add_too_date</li>
<li>frappe.utils.now</li>
</ul>
<p>示例： </p><pre><code>doc.creation &gt; frappe.utils.add_to_date(frappe.utils.now_datetime(), days=-5, as_string=True, as_datetime=True) </code></pre><p></p>",
<strong>Warning:</strong> This field is system generated and may be overwritten by a future update. Modify it using {0} instead.,<strong>警告:</strong> 本字段为系统生成，可能被后续更新覆盖。请使用{0}进行修改。,
"A DocType's name should start with a letter and can only consist of letters, numbers, spaces, underscores and hyphens",文档类型名称应以字母开头，只能包含字母、数字、空格、下划线和连字符,
"A Frappe Framework instance can function as an OAuth Client, Resource, or Authorization server. This DocType contains settings related to all three.",Frappe Framework实例可作为OAuth客户端、资源服务器或授权服务器运行。本文档类型包含与此三种角色相关的设置。,
A field with the name {0} already exists in {1},字段{0}已在{1}中存在,
A file with same name {} already exists,同名文件{}已存在,
A list of resources which the Client App will have access to after the user allows it.<br> e.g. project,用户授权后客户端应用可访问的资源列表。<br>例如：项目,
A new account has been created for you at {0},已为您创建新账户{0},
A recurring {0} {1} has been created for you via Auto Repeat {2}.,已通过自动重复{2}为您创建周期性{0} {1}。,
A symbol for this currency. For e.g. $,本币符号。例如：$,
A template already exists for field {0} of {1},字段{1}.{0}的模板已存在,
"A version identifier string for the client software.
<br>
The value of the should change on any update of the client software with the same Software ID.","客户端软件的版本标识符字符串。
<br>
对于具有相同软件ID的客户端软件，该值应在任何更新时变更。",
A word by itself is easy to guess.,很容易猜到的一个字,
A0,A0,
A1,A1,
A2,A2,
A3,A3,
A4,A4,
A5,A5,
A6,A6,
A7,A7,
A8,A8,
A9,A9,
ALL,全部,
API,API,
API Access,API 访问,
API Endpoint,API 端点,
API Endpoint Args,API 端点参数,
API Endpoint Args should be valid JSON,API端点参数应为有效的JSON格式,
API Key,API 密钥,
API Key and Secret to interact with the relay server. These will be auto-generated when the first push notification is sent from any of the apps installed on this site.,与中继服务器交互的 API 密钥和密钥。当从本网站安装的任何应用发送首次推送通知时自动生成。,
API Key cannot be regenerated,API 密钥无法重新生成,
API Keys,API密钥,
API Logging,API日志记录,
API Method,API 方法,
API Request Log,API请求日志,
API Secret,API 密钥,
ASC,升序,
About,关于,
About Us,关于我们,
About Us Settings,关于我们设置,
About Us Team Member,关于我们 团队成员,
About {0} minute remaining,还剩约 {0} 分钟,
About {0} minutes remaining,还剩约 {0} 分钟,
About {0} seconds remaining,还剩约 {0} 秒,
Accept Invitation,接受邀请,
Accepted,已接受,
Accepted At,接受时间,
Access Control,访问控制,
Access Log,访问记录,
Access Token,访问令牌,
Access Token URL,访问令牌 URL,
Access not allowed from this IP Address,禁止从此IP地址访问,
Account,科目,
Account Deletion Settings,账户删除设置,
Accounts Manager,会计经理,
Accounts User,会计,
"Accurate count can not be fetched, click here to view all documents",无法获取准确计数，点击此处查看所有文档,
Action,操作,
Action / Route,操作/路由,
Action Complete,操作完成,
Action Failed,操作失败,
Action Label,操作标签,
Action Timeout (Seconds),操作超时（秒）,
Action Type,操作类型,
Action {0} completed successfully on {1} {2}. View it {3},操作{0}在{2} {1}上成功完成。查看{3},
Action {0} failed on {1} {2}. View it {3},操作{0}在{2} {1}上失败。查看{3},
Actions,操作,
Activate,激活,
Active,在职,
Active Directory,活动目录,
Active Domains,活跃域,
Active Sessions,活动会话,
Activity,活动,
Activity Log,用户操作日志,
Add,添加,
Add / Remove Columns,添加/移除列,
Add / Update,添加/更新,
Add A New Rule,创建新规则,
Add Attachment,添加附件,
Add Background Image,添加背景图片,
Add Border at Bottom,底部添加边框,
Add Border at Top,顶部添加边框,
Add CSS,添加 CSS,
Add Card to Dashboard,添加到仪表板,
Add Chart to Dashboard,添加图表至数据面板,
Add Child,添加子项,
Add Column,添加列,
Add Contact,增加联系人,
Add Contacts,添加联系人,
Add Container,添加容器,
Add Custom Tags,添加自定义标签,
Add Filters,添加过滤条件,
Add Gray Background,添加灰色背景,
Add Group,添加分组,
Add Indexes,添加索引,
Add New,添加新项,
Add New Permission Rule,新建权限规则,
Add Participants,添加参与者,
Add Query Parameters,添加查询参数,
Add Reply-To header,添加回复至标头,
Add Roles,添加角色,
Add Signature,添加签名,
Add Space at Bottom,底部添加间距,
Add Space at Top,顶部添加间距,
Add Subscribers,添加订阅者,
Add Tags,添加标签,
Add Template,新建模板,
Add Total Row,添加汇总行,
Add Translate Data,添加翻译数据,
Add Unsubscribe Link,添加退订链接,
Add User Permissions,添加用户权限限制,
Add Video Conferencing,添加视频会议,
Add X-Original-From header,添加 X-Original-From 标头,
Add a Filter,添加筛选,
Add a New Role,创建新角色,
Add a Row,添加行,
Add a comment,添加评论,
Add a new section,添加新分区,
Add a row above the current row,在当前行上方插入行,
Add a row at the bottom,在底部添加行,
Add a row at the top,在顶部添加行,
Add a row below the current row,在当前行下方插入行,
Add a {0} Chart,添加{0}图表,
Add column,添加栏,
Add field,添加字段,
Add multiple,批量添加,
Add new tab,添加新页签,
Add numbers or special characters.,添加数字或特殊字符。,
Add page break,添加分页符,
Add row,添加行,
Add script for Child Table,添加子表的脚本,
Add section above,在上方添加章节,
Add section below,添加段,
Add tab,添加页签,
Add to Dashboard,添加到仪表板,
Add to Desktop,添加到桌面,
Add to ToDo,新增待办,
Add to table,添加到表格,
Add to this activity by mailing to {0},发送邮件至{0}参与此活动,
Add {0},添加{0},Primary action in list view
Add/Update Filter,添加/更新筛选器,
Added,添加了,
"Added HTML in the &lt;head&gt; section of the web page, primarily used for website verification and SEO",在网页 &lt;head&gt; 部分添加 HTML，主要用于网站验证和 SEO,
Added default log doctypes: {},已添加默认日志文档类型: {},
Added {0} ({1}),已添加{0}（{1}）,
Additional Permissions,附加权限,
Address,地址,
Address And Contacts,地址与联系人,
Address Line 1,详细地址1,
Address Line 2,详细地址2,
Address Template,地址模板,
Address Title,地址标题,
Address Title is mandatory.,地址名称是必填项。,
Address Type,地址类型,
Address and other legal information you may want to put in the footer.,您可能希望在页脚放置的地址及其他法律信息。,
Addresses,地址,
Addresses And Contacts,地址和联系方式,
Addresses added here will be used as the Reply-To header for outgoing emails sent from this account.,此处添加的地址将用作此账户发送的 outgoing 邮件的回复至标头。,
"Adds a clear (×) button to Link fields, allowing users to quickly remove the selected value.",在链接字段中添加清除（×）按钮，允许用户快速移除所选值。,
Adds a custom client script to a DocType,为文档类型添加自定义客户端脚本,
Adds a custom field to a DocType,为单据类型添加一个自定义字段,
Administration,系统管理,
Administrator,管理员,
Administrator Logged In,管理员登录,
Administrator accessed {0} on {1} via IP Address {2}.,管理员访问{0}在{1}通过IP地址{2}。,
Administrator can't follow,管理员无法关注,
Advanced,高级,
Advanced Control,高级控制,
Advanced Search,高级搜索,
Advanced Settings,高级设置,
After,之后,
After Cancel,取消后,
After Delete,删除后,
After Discard,废弃后,
After Insert,插入后,
After Rename,重命名后,
After Save,保存后,
After Save (Submitted Document),保存后（已提交文档）,
After Submission,提交后,
After Submit,提交后,
Aggregate Field is required to create a number card,创建数字卡片需要聚合字段,
Aggregate Function Based On,基于的聚合函数,
Aggregate Function field is required to create a dashboard chart,创建仪表板图表需要聚合函数字段,
Alert,警报,
Alias must be a string,别名必须为字符串,
Align,对齐,
Align Labels to the Right,标签右对齐,
Align Right,右对齐,
Align Value,对齐方式,
Alignment,对齐方式,
All,全部,
All Day,全天,
All Images attached to Website Slideshow should be public,所有连接到网站幻灯片的图片应该是公开的,
All Records,所有记录,
All Submissions,所有提交,
All customizations will be removed. Please confirm.,所有定制都将被删除，请确认,
All fields are necessary to submit the comment.,所有字段都必须提交评论。,
"All possible Workflow States and roles of the workflow. Docstatus Options: 0 is ""Saved"", 1 is ""Submitted"" and 2 is ""Cancelled""","所有可能的工作流程状态和工作流程角色。文档状态选项：0 表示 ""已保存""，1 表示 ""已提交""，2 表示 ""已取消""",
All-uppercase is almost as easy to guess as all-lowercase.,全大写几乎一样容易猜到全部小写。,
Allocated To,分配给,
Allow,允许,
Allow API Indexing Access,允许API索引访问,
Allow Auto Repeat,允许自动重复,
Allow Bulk Edit,允许批量编辑,
Allow Bulk Editing,启用批量编辑,
Allow Clearing Link Fields,允许清除链接字段,
Allow Consecutive Login Attempts,允许连续登录尝试,
Allow Google Calendar Access,允许访问Google日历,
Allow Google Contacts Access,允许Google通讯录访问,
Allow Guest,允许访客,
Allow Guest to View,允许访客查看,
Allow Guests to Upload Files,允许访客上传文件,
Allow Import (via Data Import Tool),允许导入（通过数据导入工具）,
Allow Login After Fail,失败后允许登录,
Allow Login using Mobile Number,允许使用手机号登录,
Allow Login using User Name,允许使用用户名登录,
Allow Modules,允许模块,
Allow Print for Cancelled,允许打印已取消文档,
Allow Print for Draft,允许在草稿状态下打印,
Allow Read On All Link Options,允许在所有链接选项上读取,
Allow Rename,允许重命名,
Allow Roles,允许角色,
Allow Self Approval,允许自我审批,
Allow Sending Usage Data for Improving Applications,允许发送使用数据以改进应用,
Allow approval for creator of the document,允许文档创建者审批,
Allow comments,允许评论,
Allow delete,允许删除,
Allow document creation via Email,允许通过邮件创建文档,
Allow editing after submit,提交后允许编辑,
"Allow editing even if the doctype has a workflow set up.

Does nothing if a workflow isn't set up.","即使文档类型已设置工作流程，也允许编辑。

如果未设置工作流程，则不执行任何操作。",
Allow events in timeline,允许时间线中的事件,
Allow in Quick Entry,允许快速录入,
Allow incomplete forms,允许不完整表单,
Allow multiple responses,允许多次提交,
Allow on Submit,提交时允许,
Allow only one session per user,每个用户仅允许一个会话,
Allow page break inside tables,允许表格内分页,
Allow print,允许打印,
Allow saving if mandatory fields are not filled,必填字段未填时允许保存,
Allow sending usage data for improving applications,允许发送使用数据以改进应用程序,
Allow user to login only after this hour (0-24),仅允许用户在此时间后登录（0-24）,
Allow user to login only before this hour (0-24),仅允许用户在此时间前登录（0-24）,
"Allow users to log in without a password, using a login link sent to their email",允许用户通过发送至邮箱的登录链接免密登录,
Allowed,允许,
Allowed File Extensions,允许的文件扩展名,
Allowed In Mentions,允许提及,
Allowed Modules,允许的模块,
Allowed Public Client Origins,允许的公共客户端来源,
Allowed Roles,允许的角色,
Allowed embedding domains,允许的嵌入域名,
"Allowing DocType, DocType. Be careful!",修改核心单据类型：DocType 。请格外小心！,
Allows clients to view this as an Authorization Server when querying the <code>/.well-known/oauth-protected-resource</code> end point.,允许客户端在查询<code>/.well-known/oauth-protected-resource</code>端点时将此视为授权服务器。,
Allows enabled Social Login Key Base URL to be shown as authorization server.,允许将已启用的社交登录密钥基础URL显示为授权服务器。,
Allows printing or PDF download of documents.,允许打印或下载文档 PDF。,
Allows sharing document access with other users.,允许与其他用户共享文档访问权限。,
Allows skipping authorization if a user has active tokens.,若用户持有有效令牌，允许跳过授权流程。,
Allows the user to access reports related to the document.,允许用户访问与文档相关的报表。,
Allows the user to create new documents.,允许用户创建新文档。,
Allows the user to delete documents.,允许用户删除文档。,
Allows the user to edit existing records they have access to.,允许用户编辑他们有权访问的现有记录。,
Allows the user to email from the document.,允许用户从文档发送邮件。,
Allows the user to export data from the Report view.,允许用户从报表视图导出数据。,
Allows the user to search and see records.,允许用户搜索和查看记录。,
Allows the user to use Data Import tool to create / update records.,允许用户使用数据导入工具创建/更新记录。,
Allows the user to view the document.,允许用户查看文档。,
Allows users to enable the mask property for any field of the respective doctype.,允许用户为相应文档类型的任何字段启用掩码属性。,
Already Registered,已注册,
Already amended as {0},已修订为 {0},
Already in the following Users ToDo list:{0},已在以下用户待办列表中：{0},
Also adding the dependent currency field {0},还要添加从属货币字段{0},
Also adding the status dependency field {0},同时添加状态依赖字段{0},
Alternative Email ID,备用邮箱,
Always,始终,
Always BCC Address,始终密送地址,
"Always add ""Draft"" Heading for printing draft documents",打印草稿文档时始终添加“草稿”标题,
Always use this email address as sender address,始终使用此邮箱作为发件地址,
Always use this name as sender name,始终使用此名称作为发件人名称,
Amend,修订,
Amend Counter,修订计数器,
Amended Document Naming Settings,修订单据命名设置,
Amended Documents,修订文档,
Amended From,修订自,
Amendment Naming Override,覆盖修订命名规则,
Amendment Not Allowed,不允许修订,
Amendment naming rules updated.,修订命名规则已更新。,
An error occurred while setting Session Defaults,设置会话默认值时发生错误,
An icon file with .ico extension. Should be 16 x 16 px. Generated using a favicon generator. [favicon-generator.org],.ico 格式的图标文件，应为 16 x 16 像素。可通过 favicon 生成器生成。[favicon-generator.org],
An unexpected error occurred while authorizing {}.,授权{}时发生意外错误。,
Analytics,分析,
Ancestors Of,祖先,
Announcement Widget,公告小部件,
Announcements,公告,
Annual,年度,
Anonymization Matrix,匿名化矩阵,
Anonymous responses,匿名响应,
Another transaction is blocking this one. Please try again in a few seconds.,另一个交易正在进行中。请稍后再试。,
"Another {0} with name {1} exists, select another name",具有相同名称{1}的{0}已存在，请更名。,
Any string-based printer languages can be used. Writing raw commands requires knowledge of the printer's native language provided by the printer manufacturer. Please refer to the developer manual provided by the printer manufacturer on how to write their native commands. These commands are rendered on the server side using the Jinja Templating Language.,可使用任何基于字符串的打印机语言。编写原始命令需了解打印机厂商提供的原生语言。请参考厂商提供的开发手册编写原生命令。这些命令通过 Jinja 模板语言在服务端渲染。,
"Apart from System Manager, roles with Set User Permissions right can set permissions for other users for that Document Type.",除系统管理员外，有“设置权限”的角色可以为其他用户设置某单据类型的权限。,
App,应用,
App ID,应用 ID,
App Logo,应用图标,
App Name,应用程序名称,
App Name (Client Name),应用名称（客户端名称）,
App not found for module: {0},未找到模块{0}对应的应用,
App {0} is not installed,未安装应用程序{0},
Append Emails to Sent Folder,将邮件附加到已发送文件夹,
Append To,附加到,
Append To can be one of {0},追加到可以是一个{0},
"Append as communication against this DocType (must have fields: ""Sender"" and ""Subject""). These fields can be defined in the email settings section of the appended doctype.",作为针对此 DocType 的通信附加(必须包含字段：“发件人”和“主题”)。这些字段可以在附加 DocType 的电子邮件设置部分中定义。,
Applicable Document Types,适用单据类型,
Applicable For,适用于,
Application Logo,应用徽标,
Application Name,应用名称,
Application Version,应用版本,
Application is not installed,应用未安装,
Applied On,应用于,
Applies To (DocType),适用于（文档类型）,
Apply,应用,
Apply Filters,应用筛选,
Apply Module Export Filter,应用模块导出筛选器,
Apply Strict User Permissions,应用严格用户权限,
Apply To,应用于,
Apply To All Document Types,应用于所有文档类型,
Apply User Permission On,应用用户权限于,
Apply document permissions,应用文档权限,
Apply this rule if the User is the Owner,若用户是所有者则应用此规则,
Apply to all Documents Types,适用所有单据类型,
Applying: {0},申请：{0},
Approval Required,需要审批,
Apps,应用,
Archive,归档,
Archived,已存档,
Archived Columns,归档列,
Are you sure you want to cancel the invitation?,是否确认取消邀请？,
Are you sure you want to clear the assignments?,确定要清除分配吗？,
Are you sure you want to delete all {0} rows?,确定要删除所有 {0} 行吗？,
Are you sure you want to delete the attachment?,您确定要删除附件？,
Are you sure you want to delete this record?,是否确认删除本记录？,
Are you sure you want to discard the changes?,确定要放弃更改吗？,
Are you sure you want to generate a new report?,确定要生成新报告吗？,
Are you sure you want to log out?,确定要退出登录吗？,
Are you sure you want to merge {0} with {1}?,确定要将{0}与{1}合并吗？,
Are you sure you want to proceed?,您确定要继续吗？,
Are you sure you want to re-enable scheduler?,确定启动后台任务？,
Are you sure you want to relink this communication to {0}?,您确定要重新链接该通信{0}？,
Are you sure you want to remove all failed jobs?,确定删除所有运行出错的任务?,
Are you sure you want to remove the {0} filter?,你确定要删除过滤条件 {0}？,
Are you sure you want to reset all customizations?,确定要重置所有自定义设置吗？,
Are you sure you want to save this document?,确定要保存此文档吗？,
Are you sure you want to {0}?,是否确认要{0}？,
Are you sure?,你确定吗？,
Arguments,参数,
Arial,Arial字体,
"As a best practice, do not assign the same set of permission rule to different Roles. Instead, set multiple Roles to the same User.",一种最佳的做法是，不要给不同的角色分派同样的权限规则，而是向同一用户分派多个角色。,
"As document sharing is disabled, please give them the required permissions before assigning.",由于文档共享已禁用，请在分配前授予必要权限。,
"As per your request, your account and data on {0} associated with email {1} has been permanently deleted",根据您的要求，已永久删除您在{0}上与电子邮件{1}关联的账户和数据,
Ask,询问,
Assign,分配,
Assign Condition,分配条件,
Assign To,执行人,
Assign To User Group,分配给用户组,
Assign To Users,分配给用户,
Assign a user,分配用户,
"Assign one by one, in sequence",按顺序逐个用户分派,
Assign to me,自己认领,
Assign to the one who has the least assignments,指派给待办最少的用户,
Assign to the user set in this field,分配给此字段设置的用户,
Assigned,已分配,
Assigned By,发起人,
Assigned By Full Name,分配人全名,
Assigned To,创建待办,
Assigned To/Owner,执行人/发起人,
Assignee,负责人,
Assigning...,正在分配...,
Assignment,分派,
Assignment Completed,分配完成,
Assignment Days,分配天数,
Assignment Rule,分派规则,
Assignment Rule Day,分配规则日,
Assignment Rule User,分派规则用户,
Assignment Rule is not allowed on document type {0},文档类型{0}不允许使用分配规则,
Assignment Rules,分配规则集,
Assignment Update on {0},{0}上的分配更新,
Assignment for {0} {1},{0} {1}的分派,
Assignment of {0} removed by {1},{1}移除了{0}的分配,
Assignments,任务分派,
Asynchronous,异步,
At least one column is required to show in the grid.,网格中需要至少显示一列。,
At least one field is required in Web Form Fields Table,Web表单字段表中需要至少一个字段,
At least one field of Parent Document Type is mandatory,父文档类型必须至少有一个字段,
Attach,添加文件,
Attach Document Print,添加打印输出作为附件,
Attach Files,附件,
Attach Image,附加图片,
Attach Package,附加程序包,
Attach Print,附加打印格式,
Attach a web link,添加一个网址,
Attach files / urls and add in table.,添加文件/网址并添加到表格中。,
Attached File,附加文件,
Attached To DocType,附加到文档类型,
Attached To Field,附加到字段,
Attached To Name,附加到名称,
Attached To Name must be a string or an integer,附加到名称必须是字符串或整数,
Attachment,附件,
Attachment Limit (MB),附件限制(MB),
Attachment Limit Reached,已达到附件限制,
Attachment Link,附件链接,
Attachment Not Found,未找到附件,
Attachment Removed,附件已移除,
Attachment Settings,附件设置,
Attachments,附件,
Attempting Connection to QZ Tray...,尝试连接QZ托盘......,
Attempting to launch QZ Tray...,试图推出QZ Tray ......,
Attending,参加,
Attribution,归属,
Audit System Hooks,审计系统钩子,
Audit Trail,审计轨迹,
Auth URL Data,认证URL数据,
Auth URL data should be valid JSON,认证URL数据应为有效的JSON格式,
Authenticate as Service Principal,作为服务主体认证,
Authentication,认证,
Authentication Apps you can use are:,可使用的认证应用包括：,
Authentication failed while receiving emails from Email Account: {0}.,从电子邮件账户{0}接收邮件时认证失败。,
Author,作者,
Authorization,授权,
Authorization Code,授权码,
Authorization URI,授权URI,
Authorization error for {}.,{}的授权错误。,
Authorize API Access,授权API访问,
Authorize API Indexing  Access,授权API索引访问,
Authorize Google Calendar Access,授权Google日历访问,
Authorize Google Contacts Access,授权Google联系人访问,
Authorize URL,授权URL,
Authorized,已授权,
Authors,作者,
Authors / Maintainers,作者/维护者,
Auto,自动,
Auto Email Report,自动发邮件-报表,
Auto Name,自动命名,
Auto Repeat,自动重复,
Auto Repeat Day,自动重复日,
Auto Repeat Day{0} {1} has been repeated.,自动重复日{0} {1}已重复。,
Auto Repeat Document Creation Failed,自动重复文档创建失败,
Auto Repeat Schedule,自动重复计划,
Auto Repeat User,自动重复用户,
Auto Repeat created for this document,已为此文档创建自动重复,
Auto Repeat failed for {0},{0}自动重复失败,
Auto Reply,自动回复,
Auto Reply Message,自动回复消息,
Auto assignment failed: {0},自动分派失败：{0},
Auto follow documents that are assigned to you,自动关注分配给您的文档,
Auto follow documents that are shared with you,自动关注与您共享的文档,
Auto follow documents that you Like,自动关注您点赞的文档,
Auto follow documents that you comment on,自动关注您评论的文档,
Auto follow documents that you create,自动关注您创建的文档,
Auto repeat failed. Please enable auto repeat after fixing the issues.,自动重复失败。请在解决问题后重新启用自动重复。,
Autocomplete,自动完成,
Autoincrement,自动递增,
Automated Message,自动化消息,
Automatic,自动,
Automatic Linking can be activated only for one Email Account.,只能为一个电子邮箱帐号激活自动链接。,
Automatic Linking can be activated only if Incoming is enabled.,仅当勾选“收邮件”时，才能激活自动链接。,
Automatic sending of emails is disabled via site config.,通过站点配置禁用了自动发送邮件。,
Automatically Assign Documents to Users,自动为用户分派单据,
Automatically applied a filter for recent data. You can disable this behavior from the list view settings.,已自动应用最近数据筛选器。您可以在列表视图设置中禁用此行为。,
Automatically delete account within (hours),在（小时）内自动删除账户,
Automation,自动,
Average,平均值,
Average of {0},平均值{0},
Avoid dates and years that are associated with you.,避免日期和与你相关的年。,
Avoid recent years.,避免最近几年。,
Avoid sequences like abc or 6543 as they are easy to guess,避免像ABC或6543的序列，因为它们容易被猜中,
Avoid years that are associated with you.,避免了与你相关的年。,
Awaiting Password,等待密码,
Awaiting password,等待密码中,
Awesome Work,出色的工作,
"Awesome, now try making an entry yourself",很棒，现在请尝试自己创建条目,
B0,B0,
B1,B1,
B10,B10,
B2,B2,
B3,B3,
B4,B4,
B5,B5,
B6,B6,
B7,B7,
B8,B8,
B9,B9,
BCC,暗送,
Back,返回,
Back to Desk,返回主页（桌面）,
Back to Home,返回首页,
Back to Login,返回登录界面,
Background Color,背景颜色,
Background Image,背景图片,
Background Jobs,后台任务,
Background Jobs Check,后台作业检查,
Background Jobs Queue,后台作业队列,
Background Print (required for >25 documents),后台打印（超过25个文档时需要）,
Background Workers,后台工作进程,
Backup Encryption Key,备份秘钥,
Backup job is already queued. You will receive an email with the download link,备份作业已经排队。您将收到一封包含下载链接的电子邮件,
Backups,备份集,
Backups (MB),备份(MB),
Bad Cron Expression,错误的Cron表达式,
Banker's Rounding,银行家舍入法,
Banker's Rounding (legacy),银行家舍入法（旧版）,
Banner,横幅,
Banner HTML,横幅HTML,
Banner Image,横幅图片,
Banner is above the Top Menu Bar.,横幅位于顶部菜单栏上方,
Bar,柱状图,
Barcode,条形码,
Base Distinguished Name (DN),基础识别名(DN),
Base URL,基础URL,
Based On,基于,
Based on Field,基于字段,
Based on Permissions For User,基于用户权限,
Basic,基础,
Basic Info,基本信息,
Before,之前,
Before Cancel,取消前,
Before Delete,删除前,
Before Discard,放弃前,
Before Insert,插入前,
Before Print,打印前,
Before Rename,重命名前,
Before Save,保存前,
Before Save (Submitted Document),保存前（已提交文档）,
Before Submit,提交前,
Before Validate,验证前,
Beginner,初学者,
Beginning with,以此开头,
Beta,测试版,
Better add a few more letters or another word,最好加几个字母或一个字,
Between,自,
Billing,计费,
Billing Contact,发票联系人,
Binary Logging,二进制日志记录,
Bio,简介,
Birth Date,出生日期,
Blank Template,空白模板,
Block Module,锁定模块,
Block Modules,屏蔽模块集,
Blue,蓝色,
Bold,加粗,
Bot,机器人,
Both DocType and Name required,单据类型和名称是必须项,
Both login and password required,登录名和密码必填,
Bottom,底部,
Bottom Center,底部居中,
Bottom Left,底部居左,
Bottom Right,底部居右,
Bounced,已退信,
Brand,品牌,
Brand HTML,品牌HTML,
Brand Image,品牌图片,
Brand Logo,品牌徽标,
Breadcrumbs,面包屑导航,
Browser,浏览器,
Browser Version,浏览器版本,
Browser not supported,浏览器不支持,
Brute Force Security,暴力破解防护,
Bufferpool Size,缓冲池大小,
Build {0},构建{0},
Built on {0},基于{0}构建,
Bulk Actions,批量操作,
Bulk Delete,批量删除,
Bulk Edit,批量修改,
Bulk Edit {0},批量编辑{0},
Bulk Operation Failed,批量操作失败,
Bulk Operation Successful,批量操作成功,
Bulk PDF Export,批量导出PDF,
Bulk Update,批量更新,
Bulk approval only support up to 500 documents.,批量审批最多支持500个文档。,
Bulk operation is enqueued in background.,批量操作已加入后台队列。,
Bulk operations only support up to 500 documents.,批量操作最多支持500个文档。,
Bulk {0} is enqueued in background.,批量{0}已加入后台队列。,
Button,按钮,
Button Color,按钮颜色,
Button Gradients,按钮渐变,
Button Rounded Corners,按钮圆角,
Button Shadows,按钮阴影,
"By ""Naming Series"" field",按“命名系列”字段,
"By default the title is used as meta title, adding a value here will override it.",默认使用标题作为元标题，在此处添加值将覆盖默认设置。,
By fieldname,按字段名,
By script,通过脚本,
Bypass Restricted IP Address Check If Two Factor Auth Enabled,启用双因素认证时绕过受限IP地址检查,
Bypass Two Factor Auth for users who login from restricted IP Address,对受限IP地址登录用户绕过双因素认证,
Bypass restricted IP Address check If Two Factor Auth Enabled,若启用双因素认证则绕过受限IP地址检查,
C5E,C5E,
CANCELLED,已取消,
CC,抄送,
CMD,命令,
COLOR PICKER,颜色选择器,
CSS,CSS,
CSS Class,CSS类,
CSS selector for the element you want to highlight.,需高亮元素的CSS选择器,
CSV,CSV,
Cache,缓存,
Cache Cleared,缓存已清除,
Calculate,计算,
Calculated Discount Mismatch,计算折扣不匹配,
Calendar,日历,
Calendar Name,日历名称,
Calendar View,日历视图,
Call,电话,
Call To Action,行动号召,
Call To Action URL,行动号召URL,
Callback Message,回调消息,
Callback Title,回调标题,
Camera,摄像头,
Campaign,营销活动,
Campaign Description (Optional),活动描述（可选）,
Can not rename as column {0} is already present on DocType.,无法重命名，因为列{0}已存在于文档类型中。,
Can only change to/from Autoincrement naming rule when there is no data in the doctype,仅在单据类型无数据时修改自增编号,
Can only list down the document types which has been linked to the User document type.,仅能列出已关联用户文档类型的文档类型,
Can't follow since changes are not tracked.,无法关注，因为未跟踪更改。,
Can't rename {0} to {1} because {0} doesn't exist.,无法将{0}重命名为{1}，因为{0}不存在。,
Cancel,取消,
Cancel All,全部取消,
Cancel All Documents,取消所有单据,
Cancel Import,取消导入,
Cancel Prepared Report,取消已准备报表,
Cancelled,已取消,
Cancelled Document restored as Draft,已取消的单据已恢复为草稿,
Cancelling documents,取消单据,
Cancelling {0},取消{0},
Cannot Download Report due to insufficient permissions,因权限不足无法下载报告,
Cannot Fetch Values,无法获取值,
Cannot Remove,无法删除,
Cannot Update After Submit,不允许提交后修改,
Cannot access file path {0},无法访问文件路径{0},
Cannot attach a folder to a document,无法将文件夹附加到文档,
Cannot cancel before submitting while transitioning from <b>{0} State</b> to <b>{1} State</b>,从<b>{0}状态</b>转换到<b>{1}状态</b>时，提交前无法取消,
Cannot cancel before submitting. See Transition {0},提交前不能取消，详情参考状态转换{0},
Cannot cancel {0}.,无法取消{0}。,
Cannot change docstatus from 0 (Draft) to 2 (Cancelled),无法将文档状态从0（草稿）更改为2（已取消）,
Cannot change docstatus from 1 (Submitted) to 0 (Draft),无法将文档状态从1（已提交）更改为0（草稿）,
Cannot change state of Cancelled Document <b>({0} State)</b>,无法更改已取消文档的状态<b>({0}状态)</b>,
Cannot change state of Cancelled Document. Transition row {0},不能改变已取消单据的状态。状态转换第{0}行,
Cannot change to/from autoincrement autoname in Customize Form,定制表单不支持修改自增编号,
Cannot create a {0} against a child document: {1},无法创建{0}子单据：{1},
Cannot create private workspace of other users,无法创建其他用户的私有工作空间,
Cannot delete Desktop Icon '{0}' as it is restricted,无法删除桌面图标 '{0}'，因为它受限制,
Cannot delete Home and Attachments folders,无法删除主文件和附件文件夹,
Cannot delete or cancel because {0} {1} is linked with {2} {3} {4},由于{0} {1}与{2} {3} {4}关联，无法删除或取消,
Cannot delete standard action. You can hide it if you want,无法删除标准操作。您可以隐藏它,
Cannot delete standard document state.,无法删除标准文档状态。,
Cannot delete standard field <strong>{0}</strong>. You can hide it instead.,无法删除标准字段<strong>{0}</strong>。您可以隐藏它。,
Cannot delete standard field. You can hide it if you want,标准字段只能隐藏，不能删除,
Cannot delete standard link. You can hide it if you want,无法删除标准链接。您可以隐藏它,
Cannot delete system generated field <strong>{0}</strong>. You can hide it instead.,无法删除系统生成字段<strong>{0}</strong>。您可以隐藏它。,
Cannot delete {0},无法删除{0},
Cannot delete {0} as it has child nodes,无法删除{0} ，因为它有子节点,
Cannot edit Standard Dashboards,无法编辑标准仪表板,
"Cannot edit Standard Notification. To edit, please disable this and duplicate it",无法编辑标准通知。要进行编辑，请勾选禁用然后复制它,
Cannot edit Standard charts,无法编辑标准图表,
Cannot edit a standard report. Please duplicate and create a new report,不能编辑标准的报表。请复制并创建一个新的报表,
Cannot edit cancelled document,无法编辑已取消单据,
Cannot edit filters for standard charts,无法编辑标准图表筛选器,
Cannot edit filters for standard number cards,无法编辑标准数字卡筛选器,
Cannot edit standard fields,不能编辑标准字段,
Cannot enable {0} for a non-submittable doctype,无法为非可提交文档类型启用{0},
Cannot find file {} on disk,无法在磁盘上找到文件{},
Cannot get file contents of a Folder,无法获取文件夹内容,
Cannot have multiple printers mapped to a single print format.,不能将多个打印机映射到单个打印格式。,
Cannot import table with more than 5000 rows.,无法导入超过5000行的表格。,
Cannot link cancelled document: {0},不能链接到已取消单据{0},
Cannot map because following condition fails:,无法对应，因为以下条件失败：,
Cannot match column {0} with any field,上传文件中的字段{0}无法匹配目标单据字段,
Cannot move row,不能移动行,
Cannot remove ID field,无法删除ID字段,
Cannot set 'Report' permission if 'Only If Creator' permission is set,若设置'仅创建者'权限则无法设置'报告'权限,
Cannot set Notification with event {0} on Document Type {1},无法在文档类型{1}上设置事件{0}的通知,
Cannot share {0} with submit permission as the doctype {1} is not submittable,无法共享{0}的提交权限，因为文档类型{1}不可提交,
Cannot submit {0}.,无法提交{0}。,
Cannot update {0},无法更新{0},
Cannot use sub-query here.,此处不能使用子查询。,
Cannot use {0} in order/group by,不能在order/group by中使用{0},
Cannot {0} {1}.,无法{0} {1}。,
Capitalization doesn't help very much.,资本化不适用。,
Capture,捕获,
Card,卡片,
Card Break,卡片分隔,
Card Label,数字卡标题,
Card Links,卡片链接,
Cards,卡片集,
Category,类别,
Category Description,类别描述,
Category Name,类别名称,
Center,居中,
Change,更改,
Change Image,更换图片,
Change Label (via Custom Translation),更改标签（通过自定义翻译）,
Change Letter Head,更换信头,
Change Password,修改密码,
Change Print Format,更改打印格式,
Change User,切换用户,
"Change the starting / current sequence number of an existing series. <br>

Warning: Incorrectly updating counters can prevent documents from getting created.","更改现有序列的起始/当前序列号。 <br>

警告：错误更新计数器可能导致无法创建文档。",
Changed at,更改于,
Changed by,更改人,
Changelog Feed,变更日志订阅,
Changes,变更,
Changing any setting will reflect on all the email accounts associated with this domain.,任何设置更改将影响与此域关联的所有电子邮件账户。,
Changing rounding method on site with data can result in unexpected behaviour.,站点已有业务数据的情况下变更圆整方式可能会产生非预期结果,
Channel,渠道,
Chart,图表,
Chart Configuration,图表配置,
Chart Name,图表名称,
Chart Options,图表选项,
Chart Source,图表来源,
Chart Type,图表类型,
Charts,图表集,
Chat,聊天,
Check,检查,
Check Request URL,检查请求URL,
"Check columns to select, drag to set order.",勾选列选择，拖动列排序。,
Check the Error Log for more information: {0},查看错误日志获取更多信息：{0},
Check this if the Update Value is a formula or expression (e.g. doc.amount * 2). Leave unchecked for plain text values.,如果更新值是公式或表达式（例如 doc.amount * 2），请勾选此项。纯文本值请保持不勾选。,
Check this if you don't want users to sign up for an account on your site. Users won't get desk access unless you explicitly provide it.,勾选此项可禁止用户注册账户。除非明确授权，否则用户无法访问工作台。,
Check this if you want to force the user to select a series before saving. There will be no default if you check this.,勾选此项将强制用户在保存前选择序列。此时无默认序列,
"Check to display the full numeric value (e.g., 1,234,567 instead of 1.2M).","勾选以显示完整数值（例如：1,234,567而非1.2M）。",
Checking one moment,检查一下,
"Checking this will enable tracking page views for blogs, web pages, etc.",勾选此项将启用博客、网页等的页面浏览跟踪,
Checking this will hide custom doctypes and reports cards in Links section,勾选此项将隐藏链接版块中的自定义文档类型和报告卡,
Checking this will publish the page on your website and it'll be visible to everyone.,勾选此项将在网站上发布该页面，所有人可见。,
Checking this will show a text area where you can write custom javascript that will run on this page.,勾选此项将显示文本区，可编写在此页面运行的JavaScript代码。,
Child DocTypes are not allowed,不允许子文档类型,
Child Doctype,子文档类型,
Child Item,子项,
Child Table {0} for field {1} must be virtual,字段{1}的子表{0}必须为虚拟表,
Child Tables are shown as a Grid in other DocTypes,嵌入其它单据类型中作为表格，一对多关系中的多这一方,
Child query fields for '{0}' must be a list or tuple.,“{0}”的子查询字段必须为列表或元组。,
Choose Existing Card or create New Card,选择已有卡或创建一个新卡,
Choose a block or continue typing,选择一个模板或输入文字,
Choose a color,选择颜色,
Choose an icon,选择图标,
Choose authentication method to be used by all users,选择所有用户使用的认证方法,
City,城市,
City/Town,市/镇,
Clear,清除,
Clear & Add Template,清空并添加模板,
Clear & Add template,清除并添加模板,
Clear All,清空全部,
Clear Cache and Reload,清除缓存和重新加载,
Clear Error Logs,清除错误日志,
Clear Filters,清除过滤条件,
Clear Link,清除链接,
Clear Logs After (days),日志保留天数,
Clear User Permissions,清除用户权限限制,
Clear all filters,清除所有筛选器,
Clear the email message and add the template,模板内容覆盖邮件正文(消息),
"Clearing end date, as it cannot be in the past for published pages.",清除结束日期，因为发布的页面不能在过去。,
Click On Customize to add your first widget,点击定制按钮开始定制,
Click below to get started:,点击下方开始使用：,
Click here,点击此处,
Click on a file to select it.,点击文件进行选择。,
Click on the button to log in to {0},点击按钮登录{0},
Click on the link below to approve the request,点击下方链接批准请求,
Click on the link below to complete your registration and set a new password,点击下面的链接完成注册，并设置新密码,
Click on the link below to download your data,点击下面的链接下载您的数据,
Click on the link below to verify your request,点击下面的链接验证您的请求,
Click on {0} to edit,点击 {0} 进行编辑,
Click on {0} to generate Refresh Token.,单击{0}以生成刷新令牌。,
Click table to edit,点击表格进行编辑,
Click to Set Dynamic Filters,点击设置动态筛选器,
Click to Set Filters,单击设置过滤条件,
Click to sort by {0},点击按{0}排序,
Clicked,已点击,
Client,客户端,
Client Code,客户端代码,
Client Credentials,客户端凭证,
Client ID,客户端ID,
Client Id,客户端标识,
Client Information,客户端信息,
Client Metadata,客户端元数据,
Client Script,客户端脚本,
Client Secret,客户端密钥,
Client Secret Basic,客户端密钥基本认证,
Client Secret Post,客户端密钥POST认证,
Client URI,客户端URI,
Client URLs,客户端URL,
Client script,客户端脚本,
Close,关闭,
Close Condition,关闭条件,
Close properties,关闭属性,
Closed,已关闭,
Cmd+Enter to add comment,Cmd+Enter添加评论,
Code,代码,
Code Challenge,代码质询,
Code Editor Type,代码编辑器类型,
Code challenge method,代码质询方法,
Collapse,收起,Shrink code field.
Collapse All,全部折叠,
Collapsible,可折叠,
Collapsible Depends On,折叠依赖项,
Collapsible Depends On (JS),折叠依赖项(JS),
Color,颜色,
Column,列,
Column 1,列1,
Column 2,列2,
Column <b>{0}</b> already exist.,列<b>{0}</b>已经存在。,
Column Break,分栏,
Column Labels:,列标签：,
Column Name,列名,
Column Name cannot be empty,列名不能为空,
Column Width,列宽,
Column width cannot be zero.,列宽不能为零。,
Column {0},列 {0},
Columns,列,
Columns / Fields,列/字段,
Columns based on,基于列,
Combination of Grant Type (<code>{0}</code>) and Response Type (<code>{1}</code>) not allowed,授予类型（ <code>{0}</code> ）和响应类型（ <code>{1}</code> ）的组合不允许,
Comm10E,Comm10E,
Comment,评论,
Comment By,评论人,
Comment Email,评论邮箱,
Comment Type,评论类型,
Comment can only be edited by the owner,评论只能由制单人进行编辑,
Comment publicity can only be updated by the original author or a System Manager.,评论公开状态仅可由原作者或系统管理员修改。,
Comments,评论,
Comments and Communications will be associated with this linked document,评论和通讯将关联至该链接文档,
Comments cannot have links or email addresses,评论不能包含链接或电子邮件地址,
Commercial Rounding,商业舍入,
Commit,提交,
Committed,已提交,
Common names and surnames are easy to guess.,常见名字和姓氏很容易被猜到。,
Common words are easy to guess.,常见词汇很容易被猜到。,
Communication,通讯,
Communication Date,沟通日期,
Communication Link,通讯链接,
Communication Type,通讯类型,
Communication secret not set,未设置通讯密钥,
Compact Item Print,紧凑型物料打印(除单价与金额外其它字段在物料描述字段打印),
Company,公司,
Company History,公司历史,
Company Introduction,公司简介,
Company Name,公司名,
Compare Versions,版本比较,
Compilation warning,编译警告,
Compiled Successfully,编译成功,
Complete,完成,
Complete By,完成日期,
Complete Registration,完成注册,
Completed,已完成,
Completed By Role,按角色完成,
Completed By User,按用户完成,
Component,薪资构成,
Compose Email,写邮件,
Compressed,已压缩,
Condition,条件,
Condition JSON,条件JSON,
Condition Type,条件类型,
Condition description,条件描述,
Conditions,条件,
Config,配置,
Configuration,配置,
Configure Chart,配置图表,
Configure Columns,列设置,
Configure Recorder,配置记录器,
Configure columns for {0},为{0}配置列,
"Configure how amended documents will be named.<br>

Default behaviour is to follow an amend counter which adds a number to the end of the original name indicating the amended version. <br>

Default Naming will make the amended document to behave same as new documents.","配置修改后的文档如何命名。<br>

默认行为是遵循修正计数器，该计数器会在原始名称末尾添加一个数字，表示修正后的版本。 <br>

默认命名会使修正后的文档与新文档表现相同。",
"Configure various aspects of how document naming works like naming series, current counter.",配置文档命名的各项参数，如命名序列、当前计数器。,
Confirm,确认,
Confirm Access,确认访问,
Confirm Deletion of Account,确认删除账户,
Confirm New Password,确认新密码,
Confirm Password,确认密码,
Confirm Request,确认申请,
Confirmation Email Template,确认邮件模板,
Confirmed,已确认,
"Congratulations on completing the module setup. If you want to learn more you can refer to the documentation <a target=""_blank"" href=""{0}"">here</a>.","恭喜您完成模块设置。如果您想了解更多信息，可以参考文档 <a target=""_blank"" href=""{0}"">这里</a>。",
Connect to {},连接到{},
Connected App,关联应用,
Connected User,已连接用户,
Connected to QZ Tray!,连接到QZ托盘！,
Connection Lost,连接丢失,
Connection Success,连接成功,
Connection lost. Some features might not work.,连接丢失。某些功能可能无法使用。,
Connections,关联,
Console,控制台,
Console Log,控制台日志,
Console Logs can not be deleted,控制台日志不可删除,
Constraints,约束条件,
Contact,联系人,
Contact / email not found. Did not add attendee for -<br>{0},未找到联系人/邮件地址。未添加参与者 -<br>{0},
Contact Details,联系人详情,
Contact Email,联系人邮箱,
Contact Numbers,联系电话,
Contact Phone,联系电话,
Contact Synced with Google Contacts.,联系人已与Google联系人同步。,
Contact Us,联系我们,
Contact Us Settings,联系我们设置,
"Contact options, like ""Sales Query, Support Query"" etc each on a new line or separated by commas.",联系选项，例如“销售查询、支持查询”等，每个选项占一行或用逗号分隔。,
Contacts,联系,
Contains {0} security fix,包含{0}个安全修复,
Contains {0} security fixes,包含{0}个安全修复,
Content,内容,
Content Hash,内容哈希,
Content Type,内容类型,
Content data shoud be a list,内容数据应为列表,
Content type for building the page,页面构建的内容类型,
Context,上下文,
Context Script,上下文脚本,
Continue,继续,
Contributed,贡献的,
Contribution Document Name,贡献文档名称,
Contribution Status,贡献状态,
"Controls whether new users can sign up using this Social Login Key. If unset, Website Settings is respected.",控制是否允许新用户使用此社交登录密钥注册。若未设置，则遵循网站设置。,
Copied to clipboard.,复制到剪贴板。,
Copied {0} {1} to clipboard,已将 {0} {1} 复制到剪贴板,
Copy Apps Version,复制应用版本,
Copy File URL,复制文件 URL,
Copy Link,复制链接,
Copy embed code,复制嵌入代码,
Copy error to clipboard,将出错日志复制到剪贴板,
Copy to Clipboard,复制到剪贴板,
Copy token to clipboard,复制令牌至剪贴板,
Copyright,版权,
Core,核心,
Core DocTypes cannot be customized.,不能定制系统核心单据类型。,
Core Modules {0} cannot be searched in Global Search.,核心模块{0}无法在全局搜索中查找。,
Correct version :,正确版本：,
Could not connect to outgoing email server,无法连接到外发邮件服务器,
Could not find {0},找不到{0},
Could not map column {0} to field {1},无法映射列{0}到字段{1},
Could not parse field: {0},无法解析字段：{0},
Could not start Chromium. Check logs for details.,无法启动Chromium。请查看日志获取详细信息。,
Could not start up:,无法启动：,
"Couldn't save, please check the data you have entered",不能保存，请检查输入的数据,
Count,计数,
Count Customizations,自定义项计数,
Count Filter,计数过滤条件,
Count of linked documents,关联文档计数,
Counter,计数器,
Country,国家,
Country Code Required,需要国家代码,
Country Name,国家名称,
County,县/郡,
Cr,贷,Number system
Create,创建,
Create & Continue,创建并继续,
Create Address,创建地址,
Create Card,创建数字卡,
Create Chart,创建图表,
Create Child Doctype,创建子文档类型,
Create Contacts from Incoming Emails,根据来信创建联系人,
Create Entry,创建条目,
Create Letter Head,创建信头,
Create Log,创建日志,
Create New,新建,
Create New DocType,创建新单据类型,
Create New Kanban Board,新建看板面板,
Create Saved Filter,创建已保存筛选器,
Create User Email,创建用户电子邮件,
Create a New Format,创建新格式,
Create a Reminder,创建提醒,
Create a new ...,新建...,
Create a new record,新建一笔记录,
Create a new {0},新建{0},
Create a {0} Account,创建{0}账户,
Create or Edit Print Format,创建或修改打印格式,
Create or Edit Workflow,创建或修改工作流,
Create your first {0},新建 {0},
Create your workflow visually using the Workflow Builder.,可视化拖拽创建工作流,
Created,创建,
Created At,创建于,
Created By,创建人,
Created By You,由您创建,
Created By {0},由 {0} 创建,
Created Custom Field {0} in {1},在{1}创建了自定义字段{0},
Created On,创建于,
Creating {0},创建{0},
Creation of this document is only permitted in developer mode.,仅允许在开发者模式下创建此文档。,
Cron,定时任务,
Cron Format,Cron格式,
Cron format is required for job types with Cron frequency.,Cron频率的作业类型需要Cron格式。,
Crop,裁切,
Ctrl + Down,按Ctrl +向下,
Ctrl + Up,按Ctrl +向上,
Ctrl+Enter to add comment,Ctrl + Enter 添加评论,
Currency,币种,
Currency Name,货币名称,
Currency Precision,货币精度,
"Currency list stores the currency value, its symbol and fraction unit",货币列表存储货币值、符号及最小单位,
Current,当前,
Current Job ID,当前作业ID,
Current Value,当前值,
Current status,当前状态,
Currently Viewing,正在查看,
Custom,自定,
Custom Base URL,自定义基础URL,
Custom Block Name,自定义区块名称,
Custom Blocks,自定义区块,
Custom CSS,自定义CSS,
Custom Configuration,自定义配置,
Custom Delimiters,自定义分隔符,
Custom DocPerm,自定义单据权限,
Custom Document Types (Select Permission),自定义文档类型(选择权限),
Custom Document Types Limit Exceeded,超出自定义文档类型限制,
Custom Documents,自定义文档,
Custom Field,自定义字段,
Custom Field {0} is created by the Administrator and can only be deleted through the Administrator account.,自定义字段{0}由管理员创建，仅能通过管理员账户删除。,
Custom Fields can only be added to a standard DocType.,自定义字段只能添加到标准DocType。,
Custom Fields cannot be added to core DocTypes.,自定义字段无法添加到核心DocType。,
Custom Footer,自定义页脚,
Custom Format,自定义格式,
Custom Group Search,自定义组搜索,
"Custom Group Search if filled needs to contain the user placeholder {0}, eg uid={0},ou=users,dc=example,dc=com","若填写自定义群组搜索，需包含用户占位符{0}，例如uid={0},ou=users,dc=example,dc=com",
Custom HTML,自定义HTML,
Custom HTML Block,自定义HTML块,
Custom HTML Help,自定义HTML帮助,
"Custom LDAP Directoy Selected, please ensure 'LDAP Group Member attribute' and 'Group Object Class' are entered",已选择自定义LDAP目录，请确保填写'LDAP组成员属性'和'组对象类',
Custom Label,自定义标签,
Custom Menu Items,自定义菜单项,
Custom Options,自定义选项,
Custom Overrides,自定义覆盖,
Custom Report,自定义报表,
Custom Reports,自定义报表,
Custom Role,自定义角色,
Custom SCSS,自定义SCSS,
Custom Sidebar Menu,自定义侧边栏菜单,
Custom field renamed to {0} successfully.,已成功将自定义字段更名为{0},
"Custom get_list method for {0} must return a QueryBuilder object or None, got {1}",{0}的自定义get_list方法必须返回QueryBuilder对象或None，实际返回{1},
Custom?,自定义？,
Customization,定制,
Customizations Discarded,已放弃自定义,
Customizations Reset,自定义重置,
Customizations for <b>{0}</b> exported to:<br>{1},<b>{0}的</b>自定义已导出到： <br> {1},
Customize,定制,
Customize Child Table,定制子表,
Customize Dashboard,自定义仪表板,
Customize Form,定制表单,
Customize Form - {0},自定义表单 - {0},
Customize Form Field,定制表单字段,
Cut,切,
Cyan,青色,
DELAY,延迟,
DELETE,删除,
DESC,降序,
DLE,DLE,
DRAFT,草稿,
Daily,每日,
Daily Event Digest is sent for Calendar Events where reminders are set.,如果设置了日历事件提醒会发送每日事件摘要。,
Daily Events should finish on the Same Day.,每日事件应在同一天结束。,
Daily Long,每日长格式,
Daily Maintenance,日常维护,
Danger,危险,
Dark,深色,
Dark Color,深色,
Dark Theme,暗色主题,
Dashboard,数据面板,
Dashboard Chart,统计图表,
Dashboard Chart Field,仪表板图表字段,
Dashboard Chart Link,统计图表链接,
Dashboard Chart Source,统计图表数据源,
Dashboard Manager,数据面板管理员,
Dashboard Name,仪表板名称,
Dashboard Settings,数据面板设置,
Dashboard View,数据面板视图,
Dashboards,仪表板,
Data,数据,
Data Clipped,数据截断,
Data Export,数据导出,
Data Import,数据导入,
Data Import Log,数据导入日志,
Data Import Template,数据导入模板,
Data Import is not allowed for {0}. Enable 'Allow Import' in DocType settings.,不允许对 {0} 进行数据导入。请在文档类型设置中启用“允许导入”。,
Data Too Long,数据过长,
Database,数据库,
Database Engine,数据库引擎,
Database Processes,数据库进程,
Database Row Size Utilization,数据库表行空间利用率,
Database Storage Usage By Tables,数据库表空间使用量报表,
Database Table Row Size Limit,数据库表行大小限制,
"Database Table Row Size Utilization: {0}%, this limits number of fields you can add.",数据库表每行空间利用率：{0}%，利用率影响可以添加的字段数,
Database Version,数据库版本,
Date,日期,
Date Format,日期格式,
Date Range,日期范围,
Date after which this security.txt should be considered stale.,此 security.txt 被视为过期的日期。,
Date and Number Format,日期和数字格式,
Date {0} must be in format: {1},日期{0}必须采用格式：{1},
Dates are often easy to guess.,日期往往容易被猜中。,
Datetime,日期时间,
Day,天,
Day of Week,星期几,
Days,天,Duration
Days After,之后天数,
Days Before,之前天数,
Days Before or After,前后天数,
Days Remaining,剩余天数,
Deadlock Occurred,发生死锁,
Dear,亲爱的,
"Dear System Manager,",亲爱的系统管理员，,
"Dear User,",亲爱的用户，,
Dear {0},亲爱的{0},
Debug Log,调试日志,
Decimal Separator must be '.' when Quoting is set to Non-numeric,当报价设置为非数字时，小数分隔符必须为'.',
Decimal Separator must be a single character,小数分隔符必须为单个字符,
Default,默认,
Default Address Template cannot be deleted,默认地址模板不能删除,
Default Amendment Naming,默认修订命名,
Default App,默认应用,
Default Email Template,默认邮件模板,
Default Inbox,默认收件箱,
Default Incoming,默认收件箱,
Default Letter Head,默认信头,
Default Naming,默认命名,
Default Outgoing,默认外发,
Default Portal Home,默认门户首页,
Default Print Format,默认打印格式,
Default Print Language,默认打印语言,
Default Redirect URI,默认重定向URI,
Default Role at Time of Signup,注册时的默认角色,
Default Sending,默认发送账号,
Default Sending and Inbox,默认发送和收件账号,
Default Sort Field,默认排序字段,
Default Sort Order,默认排序顺序,
Default Template For Field,字段的默认模板,
Default Theme,默认主题,
Default User Role,默认用户角色,
Default User Type,默认用户类型,
Default Value,默认值,
Default View,默认视图,
Default Workspace,默认工作区,
Default display currency,默认显示货币,
Default for 'Check' type of field {0} must be either '0' or '1',字段{0}的'复选框'类型默认值必须为'0'或'1',
Default value for {0} must be in the list of options.,{0}的默认值必须在选项列表中。,
Default {0},默认 {0},
"Default: ""Contact Us""","默认: ""联系我们""",
DefaultValue,默认值,
Defaults,默认值,
Defaults Updated,默认设置已更新,
Defaults to `en`,默认为 `en`,
Defines actions on states and the next step and allowed roles.,定义切换到工作流状态的操作，下一个状态和被允许的角色。,
Defines how long exported reports sent via email are kept in the system. Older files will be automatically deleted.,定义通过邮件发送的导出报告在系统中保留的时长。较早的文件将被自动删除。,
Defines workflow states and rules for a document.,定义单据工作流状态和规则。,
Delayed,已逾期,
Delete,删除,
Delete Account,删除账户,
Delete Background Exported Reports After (Hours),后台导出报告删除时限（小时）,
Delete Data,删除数据,
Delete Demo Data,删除演示数据,
Delete Kanban Board,删除看板,
Delete all,全部删除,
Delete all {0} rows,删除所有 {0} 行,
Delete and Generate New,删除并生成新项,
Delete comment?,删除评论？,
Delete row,删除行,
Delete this record to allow sending to this email address,删除此记录允许发送此邮件地址,
Delete {0} rows,删除 {0} 行,
Deleted,已删除,
Deleted DocType,已删除文档类型,
Deleted Document,已删除单据(垃圾桶),
Deleted Name,已删除名称,
Deleted all documents successfully,已成功删除选择的单据,
Deleted!,已删除!,
Deleting {0},删除{0},
Deleting {0} records...,删除 {0} 笔单据...,
Deleting {0}...,删除 {0} 笔单据...,
Deletion Steps,删除步骤,
Deletion of this document is only permitted in developer mode.,仅在开发者模式下允许删除此文档,
Delimiter Options,分隔符选项,
Delimiter detection failed. Try to enable custom delimiters and adjust the delimiter options as per your data.,分隔符检测失败。请启用自定义分隔符并根据数据调整分隔符选项,
Delimiter must be a single character,分隔符必须为单个字符,
Delivery Status,交货状态,
Delivery Status Notification Type,送达状态通知类型,
Deny,拒绝,
Department,部门,
Dependencies,依赖关系,
Dependencies & Licenses,依赖项与许可证,
Depends On,取决于,
Descendants Of,后裔,
Descendants Of (inclusive),子节点(含本节点),
Description,描述,
Description to inform the user about any action that is going to be performed,用于向用户说明即将执行的操作的描述,
Designation,职位,
Desk,桌面,
Desk Access,工作台访问权限,
Desk Settings,工作台设置,
Desk Theme,工作台主题,
Desk User,桌面用户,
Desktop,桌面,
Desktop Icon,桌面图标,
Desktop Layout,桌面布局,
Desktop Settings,桌面设置,
Details,详情,
Detect CSV type,检测CSV类型,
Did not add,没有添加,
Did not remove,没有删除,
Diff,差异,
"Different ""States"" this document can exist in. Like ""Open"", ""Pending Approval"" etc.",该文件可以存在于不同的“状态”。如“打开”、“待批准”等。,
Digits,数字,
Directory Server,目录服务器,
Disable Auto Refresh,禁用自动刷新,
Disable Automatic Recency Filters,禁用自动时效性过滤器,
Disable Change Log Notification,禁用变更日志通知,
Disable Comment Count,禁用评论计数,
Disable Count,禁用计数,
Disable Document Sharing,禁用文档共享,
Disable Product Suggestion,禁用产品建议,
Disable Report,禁用报表,
Disable SMTP server authentication,禁用SMTP服务器身份验证,
Disable Scrolling,禁用滚动,
Disable Sidebar Stats,禁用侧边栏统计,
Disable Signup for your site,你的站点禁止注册,
Disable Standard Email Footer,禁用标准邮件页脚,
Disable System Update Notification,禁用系统更新通知,
Disable Username/Password Login,禁用用户名/密码登录,
Disable signups,禁用注册,
Disabled,已禁用,
Disabled Auto Reply,禁用自动回复,
Discard,丢弃,
Discard {0},放弃 {0},
Discard?,确认放弃？,
Discarded,已放弃,
Disclaimer: These indexes are suggested based on data and queries performed during this recording. These suggestions may or may not help.,免责声明：这些索引建议基于录制期间的数据和查询，可能对性能提升有帮助，也可能没有帮助,
Discussion Reply,讨论回复,
Discussion Topic,讨论主题,
Dismiss,忽略,
Display,显示,
Display Depends On,显示条件,
Display Depends On (JS),显示条件（JavaScript）,
Divider,分隔线,
Do Not Create New User,不创建新用户,
Do not create new user if user with email does not exist in the system,如果系统中不存在该邮箱用户则不创建新用户,
Do not edit headers which are preset in the template,不要编辑模板中预设的标题,
Do not warn me again about {0},不再就{0}向我发出警告,
Do you still want to proceed?,您仍然要继续吗？,
Do you want to cancel all linked documents?,取消所有关联的单据？,
Doc Event,文档事件,
Doc Events,文档事件,
Doc Status,文档状态,
DocField,文档字段,
DocPerm,单据权限,
DocShare,单据分享,
"DocStatus of the following states have changed:<br><strong>{0}</strong><br>
				Do you want to update the docstatus of existing documents in those states?<br>
				This does not undo any effect bought in by the document's existing docstatus.
				","以下状态的文档状态已更改：<br><strong>{0}</strong><br>
				您想更新这些状态下现有文档的 docstatus 吗？<br>
				这不会消除文档现有 docstatus 所带来的任何影响。
				",
DocType,文档类型,
DocType <b>{0}</b> provided for the field <b>{1}</b> must have atleast one Link field,字段 <b>{1}</b> 指定的DocType <b>{0}</b> 必须至少包含一个链接字段,
DocType Action,单据操作,
DocType Event,文档类型事件,
DocType Layout,单据类型屏幕布局,
DocType Layout Field,单据类型屏幕布局字段,
DocType Link,单据链接,
DocType Missing,缺少文档类型,
DocType State,单据类型状态,
DocType View,文档类型视图,
DocType can not be merged,单据类型不能合并,
DocType can only be renamed by Administrator,只能由管理员修改单据类型名称,
DocType is a Table / Form in the application.,单据类型在应用中里是一个表/表单。,
DocType must be Submittable for the selected Doc Event,DocType必须为所选Doc事件提交,
DocType must have atleast one field,文档类型必须至少包含一个字段,
DocType not supported by Log Settings.,日志设置不支持该文档类型,
DocType on which this Workflow is applicable.,该工作流适用的文档类型。,
DocType required,需指定文档类型,
DocType {0} does not exist.,文档类型 {0} 不存在,
DocType {} not found,未找到文档类型 {},
DocType's name should not start or end with whitespace,文档类型名称首尾不可包含空格,
"DocTypes cannot be modified, please use {0} instead",文档类型不可修改，请使用 {0},
Doctype,文档类型,
Doctype name is limited to {0} characters ({1}),文档类型名称长度限制为 {0} 字符（当前：{1}）,
Doctype required,Doctype需要,
Document,文档,
Document Actions,文档操作,
Document Follow,关注单据,
Document Follow Notification,单据关注通知,
Document Link,文档链接,
Document Linking,文档链接,
Document Links,文档链接,
Document Links Row #{0}: Could not find field {1} in {2} DocType,文档链接第 #{0} 行：在 {2} 文档类型中未找到字段 {1},
Document Links Row #{0}: Invalid doctype or fieldname.,文档链接第 #{0} 行：无效的文档类型或字段名,
Document Links Row #{0}: Parent DocType is mandatory for internal links,文档链接第 #{0} 行：内部链接必须指定父文档类型,
Document Links Row #{0}: Table Fieldname is mandatory for internal links,文档链接第 #{0} 行：内部链接必须指定表字段名,
Document Name,单据编号,
Document Name must not be empty,文档名称不能为空,
Document Naming Rule,单据编号规则,
Document Naming Rule Condition,单据编号规则条件,
Document Naming Settings,单据编号模板设置,
Document Queued,单据排队,
Document Restoration Summary,文档恢复摘要,
Document Restored,单据恢复,
Document Saved,文档已保存,
Document Share,文档共享,
Document Share Key,单据分享码,
Document Share Key Expiry (in Days),文档共享密钥有效期（天）,
Document Share Report,单据分享报表,
Document States,文档状态,
Document Status,单据状态,
Document Tag,文档标签,
Document Title,文档标题,
Document Type,单据类型,
Document Type and Function are required to create a number card,创建数字卡片需指定文档类型和功能,
Document Type is not importable,凭证类型不可导入,
Document Type is not submittable,单据类型不可提交,
Document Type to Track,待跟踪的文档类型,
Document Type {0} has been repeated.,文档类型 {0} 已重复,
Document Types,文档类型,
Document Types (Select Permissions Only),文档类型（仅选择权限）,
Document Types and Permissions,文档类型及权限,
Document Unlocked,文档已解锁,
Document cannot be used as a filter value,文档不能用作筛选值,
Document follow is not enabled for this user.,该用户未启用文档关注功能,
Document has been cancelled,文档已取消,
Document has been submitted,文档已提交,
Document is in draft state,文档处于草稿状态,
Document is only editable by users with role,只有具有角色的用户才能编辑文档,
Document not Relinked,文档未重新链接,
Document renamed from {0} to {1},已将单据编号(名称){0} 变更为 {1},
Document renaming from {0} to {1} has been queued,文档重命名（从 {0} 到 {1}）已加入队列,
Document type is required to create a dashboard chart,创建数据面板图表需要单据类型,
Document {0} Already Restored,文档 {0} 已恢复,
Document {0} has been set to state {1} by {2},单据{0}已被{2}设置为状态{1},
Documentation,文档,
Documentation Link,文档链接,
Documentation URL,文档URL,
Documents,单据,
Documents restored successfully,文档恢复成功,
Documents that failed to restore,恢复失败的文档,
Documents that were already restored,已恢复的文档,
Domain,行业,
Domain Name,域名,
Domain Settings,行业设置,
Domains HTML,域名HTML,
"Don't HTML Encode HTML tags like &lt;script&gt; or just characters like &lt; or &gt;, as they could be intentionally used in this field",请勿对HTML标签（如&lt;script&gt;）或字符（如&lt;或&gt;）进行HTML编码，这些可能是本字段特意使用的,
Don't Import,不导入,
Don't Override Status,不覆盖状态,
Don't Send Emails,不发送邮件,
"Don't encode HTML tags like &lt;script&gt; or just characters like &lt; or &gt;, as they could be intentionally used in this field",请勿对HTML标签（如&lt;script&gt;）或字符（如&lt;或&gt;）进行编码，这些可能是本字段特意使用的,
Don't have an account?,没有账户？,
Done,完成,
Donut,环形图,
Double click to edit label,双击修改标签,
Download,下载,
Download Backups,下载备份,
Download Data,下载数据,
Download Files Backup,下载文件备份,
Download Link,下载链接,
Download PDF,下载PDF,
Download Report,下载报表,
Download Template,下载模板,
Download Your Data,下载您的数据,
Download as CSV,下载为CSV,
Download vCard,下载vCard,
Download vCards,下载vCards,
Dr,借,r
Draft,草稿,
Drag,拖动,
Drag & Drop a section here from another tab,从另一个页签拖拽一个分区(段)到这里,
Drag and drop files here or upload from,拖入文件或者从下方上传,
Drag columns to set order. Column width is set in percentage. The total width should not be more than 100. Columns marked in red will be removed.,拖动列以排序。列宽按百分比设置，总宽度不得超过100%。红色标记的列将被删除,
Drag elements from the sidebar to add. Drag them back to trash.,通过从左边栏拖拽字段添加，拖拽到垃圾桶删除,
Drag to add state,拖拽添加状态,
Drop files here,拖拽文件到这儿,
Dropdowns,下拉列表,
Due Date,到期日期,
Due Date Based On,到期日期基于,
Duplicate,复制,
Duplicate Entry,重复录入,
Duplicate Filter Name,过滤条件名称重复,
Duplicate Name,名称重复,
Duplicate current row,复制当前行,
Duplicate field,复制字段,
Duplicate row,重复行,
Duplicate rows,重复行,
Duplicate {0} rows,重复 {0} 行,
Duration,时长(分）,
Dynamic,动态,
Dynamic Filters,动态过滤器,
Dynamic Filters JSON,动态过滤器JSON,
Dynamic Filters Section,动态过滤器区段,
Dynamic Link,动态链接,
Dynamic Report Filters,动态报告过滤器,
Dynamic Route,动态路由,
Dynamic Template,动态模板,
ESC,退出,
Edit,编辑,
Edit Address in Form,在表单中编辑地址,
Edit Auto Email Report Settings,修改自动电子邮件-报表设置,
Edit Chart,编辑图表,
Edit Custom Block,编辑自定义块,
Edit Custom HTML,编辑自定义HTML,
Edit DocType,修改单据类型,
Edit Existing,编辑,
Edit Filter,编辑筛选器,
Edit Filters,编辑过滤条件,
Edit Footer,编辑页脚,
Edit Format,编辑格式,
Edit Full Form,全屏编辑,
Edit HTML,编辑HTML,
Edit Header,编辑页眉,
Edit Heading,编辑标题,
Edit Letter Head,编辑信头,
Edit Letter Head Footer,编辑信头页脚,
Edit Links,编辑链接,
Edit Number Card,编辑数字卡片,
Edit Onboarding,编辑入职流程,
Edit Print Format,编辑打印格式,
Edit Profile,编辑资料,
Edit Properties,编辑属性,
Edit Quick List,编辑快速列表,
Edit Shortcut,编辑快捷方式,
Edit Sidebar,编辑侧边栏,
Edit Values,编辑值,
Edit mode,编辑模式,
Edit the {0} Doctype,编辑 {0} 文档类型,
Edit to add content,编辑 添加内容,
Edit your workflow visually using the Workflow Builder.,使用工作流设计器可视化编辑工作流,
Edit {0},编辑{0},
Editable Grid,可编辑表格,
Editing Row,编辑行,
Editing {0},正在编辑 {0},
Eg. smsgateway.com/api/send_sms.cgi,例如：smsgateway.com/api/send_sms.cgi,
Either key or IP flag is required.,需提供密钥或IP标识,
Element Selector,元素选择器,
Email,邮件,
Email Account,电子邮箱帐号,
Email Account Disabled.,电子邮件账户已禁用,
Email Account Name,邮件账户名称,
Email Account added multiple times,电子邮箱帐号已被多次添加,
Email Account not setup. Please create a new Email Account from Settings > Email Account,未设置电子邮件账户。请通过 设置 > 电子邮件账户 创建新账户,
Email Account {0} Disabled,邮件账户{0}已禁用,
Email Address,电子邮箱,
Email Address whose Google Contacts are to be synced.,需要同步Google联系人的邮箱地址。,
Email Addresses,电子邮件地址,
Email Domain,收/发邮件服务器信息,
Email Flag Queue,电子邮件标志队列,
Email Footer Address,邮件页脚地址,
Email Group,邮件组,
Email Group Member,电子邮件组成员,
Email Header,邮件标头,
Email ID,电子邮件,
Email IDs,邮箱ID,
Email Id,邮箱,
Email Inbox,邮件收件箱,
Email Queue,电子邮件队列,
Email Queue Recipient,电子邮件队列收件人,
Email Queue flushing aborted due to too many failures.,由于过多失败，已中止电子邮件队列刷新操作。,
Email Queue records.,电子邮件队列记录。,
Email Reply Help,邮件回复帮助,
Email Retry Limit,邮件重试次数限制,
Email Rule,电子邮件规则,
Email Sent,邮件已发送,
Email Sent At,邮件发送时间,
Email Settings,邮件设置,
Email Signature,邮件签名,
Email Status,邮件状态,
Email Sync Option,邮件同步选项,
Email Template,电子邮件模板,
Email Threads on Assigned Document,分配文档的邮件线程,
Email To,收件人,
Email Unsubscribe,电子邮件退订,
Email has been marked as spam,电子邮件已被标记为垃圾邮件,
Email has been moved to trash,电子邮件已被移至垃圾桶,
Email is mandatory to create User Email,创建用户电子邮件时必须填写邮箱地址,
Email not sent to {0} (unsubscribed / disabled),电子邮件不会被发送到{0}（退订/禁用）,
Email not verified with {0},电子邮件未通过{0}验证,
Email queue is currently suspended. Resume to automatically send other emails.,邮件队列已暂停。恢复后系统将自动发送其他邮件。,
Email sending undone,邮件发送已撤回,
Email size {0:.2f} MB exceeds the maximum allowed size of {1:.2f} MB,邮件大小 {0:.2f} MB 超过了最大允许大小 {1:.2f} MB,
Email undo window is over. Cannot undo email.,邮件撤回窗口已过。无法撤回邮件。,
Emails,电子邮件,
Emails Pulled,已拉取电子邮件,
Emails are already being pulled from this account.,已从该账户持续拉取电子邮件。,
Emails are muted,邮件已被静音,
Emails will be sent with next possible workflow actions,邮件将随下一个可能的工作流操作发送,
Embed code copied,嵌入代码已复制,
Empty alias is not allowed,不允许使用空别名,
Empty column,空栏,
Empty string arguments are not allowed,不允许使用空字符串参数,
Enable,启用,
Enable Action Confirmation,启用操作确认,
Enable Address Autocompletion,启用地址自动补全功能,
Enable Allow Auto Repeat for the doctype {0} in Customize Form,在表单自定义中为文档类型{0}启用自动重复功能,
Enable Auto Reply,启用自动回复,
Enable Automatic Linking in Documents,在文档中启用自动链接,
Enable Comments,启用评论,
Enable Dynamic Client Registration,启用动态客户端注册,
Enable Email Notifications,启用邮件通知,
Enable Google API in Google Settings.,在Google设置中启用Google API。,
Enable Google indexing,启用Google索引,
Enable Incoming,收邮件,
Enable Onboarding,启用入职引导,
Enable Outgoing,启用该邮箱帐号发送邮件,
Enable Password Policy,启用密码策略,
Enable Prepared Report,启用预置报告,
Enable Print Server,启用打印服务器,
Enable Push Notification Relay,启用推送通知中继,
Enable Rate Limit,启用速率限制,
Enable Raw Printing,启用原始打印,
Enable Report,启用报表,
Enable Scheduled Jobs,启用定时任务,
Enable Scheduler,启用调度程序,
Enable Security,启用安全设置,
Enable Social Login,启用社交登录,
Enable System Notification,启用系统通知,
Enable Tracking Page Views,启用页面访问跟踪,
Enable Two Factor Auth,启用双重验证,
Enable developer mode to create a standard Print Template,启用开发者模式以创建标准打印模板,
Enable developer mode to create a standard Web Template,启用开发者模式以创建标准网页模板,
"Enable if on click
opens modal.","如果点击
则启用打开模式。",
Enable in-app website tracking,启用应用内网站跟踪,
Enabled,已启用,
Enabled Scheduler,已启动后台任务,
Enabled email inbox for user {0},已为用户{0}启用电子邮件收件箱,
Enables Calendar and Gantt views.,启用日历和甘特图视图。,
Enabling auto reply on an incoming email account will send automated replies to all the synchronized emails. Do you wish to continue?,启用自动回复将会对所有同步过来的邮件生效，确认继续？,
"Enabling this will register your site on a central relay server to send push notifications for all installed apps through Firebase Cloud Messaging. This server only stores user tokens and error logs, and no messages are saved.",启用后将在中央中继服务器注册站点，通过Firebase云消息推送所有已安装应用的通知。该服务器仅存储用户令牌和错误日志，不保存任何消息。,
Enabling this will submit documents in background,启用后将在后台提交文档,
Encrypt Backups,加密备份,
Encryption key is in invalid format!,加密密钥格式无效！,
Encryption key is invalid! Please check site_config.json,加密密钥无效！请检查site_config.json文件,
End,结束,
End Date,结束日期,
End Date Field,结束日期字段,
End Date cannot be before Start Date!,结束日期不能在开始日期之前！,
End Date cannot be today.,结束日期不能是今日。,
Ended At,结束于,
Endpoints,端点,
Ends on,结束于,
Energy Point,能量点,
Energy Points,能量积分,
Enqueued By,入队者,
Enqueued creation of indexes,索引创建已入队,
Ensure the user and group search paths are correct.,确保用户和组搜索路径正确。,
Enter Client Id and Client Secret in Google Settings.,在Google设置中输入客户端ID和客户端密钥。,
Enter Code displayed in OTP App.,输入OTP应用中显示的验证码。,
"Enter Email Recipient(s) in the To, CC, or BCC fields",在收件人、抄送或密送字段中输入邮件收件人,
Enter Form Type,输入表单类型,
Enter Value,输入值,Title of prompt dialog
Enter a name for this {0},为此{0}输入名称,
"Enter default value fields (keys) and values. If you add multiple values for a field, the first one will be picked. These defaults are also used to set ""match"" permission rules. To see list of fields, go to ""Customize Form"".",输入默认值字段(键) 和值。如果您为一个字段添加多个值，则将选择第一个值。这些默认值也用于设置“匹配”权限规则。要查看字段列表，请转到“自定义表单”。,
Enter folder name,输入文件夹名称,
"Enter list of Options, each on a new line.",输入选项列表，每行一个。,
"Enter static url parameters here (Eg. sender=ERPNext, username=ERPNext, password=1234 etc.)","在此输入静态URL参数（例如：sender=ERPNext, username=ERPNext, password=1234等）",
Enter the fieldname of the currency field or a cached value (e.g. Company:company:default_currency).,输入币种字段的字段名或缓存值（例如：Company:company:default_currency）。,
Enter url parameter for message,输入消息的URL参数,
Enter url parameter for receiver nos,输入接收号码的URL参数,
Enter your password,输入密码,
Entity Name,实体名称,
Entity Type,实体类型,
Equals,等于,
Error,错误,
Error Log,错误日志,
Error Message,错误消息,
"Error connecting to QZ Tray Application...<br><br> You need to have QZ Tray application installed and running, to use the Raw Print feature.<br><br><a target=""_blank"" href=""https://qz.io/download/"">Click here to Download and install QZ Tray</a>.<br> <a target=""_blank"" href=""https://erpnext.com/docs/user/manual/en/setting-up/print/raw-printing"">Click here to learn more about Raw Printing</a>.","连接到QZ托盘应用程序时出错... <br><br>您需要安装并运行QZ Tray应用程序，才能使用Raw Print功能。 <br><br> <a href=""https://qz.io/download/"" target=""_blank"">单击此处下载并安装QZ托盘</a> 。 <br> <a href=""https://erpnext.com/docs/user/manual/en/setting-up/print/raw-printing"" target=""_blank"">单击此处以了解有关原始印刷的更多信息</a> 。",
Error connecting via IMAP/POP3: {e},通过IMAP/POP3连接时出错：{e},
Error connecting via SMTP: {e},通过SMTP连接时出错：{e},
Error has occurred in {0},{0}发生错误,
Error in Client Script,客户端脚本错误,
Error in Client Script.,客户端脚本错误。,
Error in Header/Footer Script,页眉/页脚脚本错误,
Error in Notification,通知错误,
Error in print format on line {0}: {1},打印格式第{0}行错误：{1},
Error in {0}.get_list: {1},{0}.get_list中发生错误：{1},
Error parsing nested filters: {0}. {1},解析嵌套筛选器时出错：{0}。{1},
"Error validating ""Ignore User Permissions""",验证“忽略用户权限”时出错,
Error while connecting to email account {0},连接到电子邮箱帐号{0}时出错,
Error while evaluating Notification {0}. Please fix your template.,评估通知{0}时出错。请修复您的模板。,
Error {0}: {1},错误 {0}：{1},
Error: Data missing in table {0},错误：表{0}中数据缺失,
Error: Value missing for {0}: {1},错误：{0} 请填写必填字段：{1},
Error: {0} Row #{1}: Value missing for: {2},错误：{0} 行#{1}：缺少值：{2},
Errors,错误,
Evaluate as Expression,作为表达式求值,
Event,事件,
Event Category,事件分类,
Event Frequency,事件频率,
Event Notifications,事件通知,
Event Participants,活动参与者,
Event Reminders,事件提醒,
Event Synced with Google Calendar.,事件已与Google日历同步。,
Event Type,事件类型,
Events,事件,
Events in Today's Calendar,今日历中的活动,
Everyone,所有人,
"Ex: ""colors"": [""#d1d8dd"", ""#ff5858""]","例如：“colors”：[“#d1d8dd”, “#ff5858”]",
Exact Copies,精确副本,
Example,示例,
"Example: ""/desk""",示例：“/desk”,
Example: #Tree/Account,示例：#Tree/Account,
Example: 00001,示例：00001,
Example: Setting this to 24:00 will log out a user if they are not active for 24:00 hours.,示例：设置为24:00后，用户若24小时无活动将自动登出。,
Example: {{ subject }},示例：{{ subject }},
Excel,Excel,
Excellent,优秀,
Exception,异常,
Execute,执行,
Execute Console script,执行控制台脚本,
Executing Code,执行代码,
Executing...,正在执行...,
Execution Time: {0} sec,运行时间：{0}秒,
Executive,执行人员,
Existing Role,现有角色,
Expand,展开,Enlarge code field.
Expand All,全部展开,
"Expected 'and' or 'or' operator, found: {0}",期望“and”或“or”运算符，实际发现：{0},
Experimental,实验中功能,
Expert,专家,
Expiration date must be in the future,过期日期必须在将来,
Expiration time,过期时间,
Expire Notification On,通知过期时间,
Expired,已过期,
Expires,过期,
Expires In,有效期,
Expires On,到期日,
Expiry time of QR Code Image Page,二维码图片页面过期时间,
Export,导出,
Export 1 record,导出 1 笔记录,
Export Custom Permissions,导出客户许可,
Export Customizations,导出自定义,
Export Data,导出数据,
Export Errored Rows,导出错误行,
Export From,导出自,
Export Import Log,导出导入日志,
Export Type,导出类型,
Export all matching rows?,导入满足筛选条件的所有记录？,
Export all {0} rows?,导出全部{0}行？,
Export as zip,压缩导出,
Export in Background,后台导出,
Export not allowed. You need {0} role to export.,不允许导出，您没有{0}的角色。,
Export only customizations assigned to the selected module.<br><span class='text-muted'><strong>Note:</strong> You must set the <em>Module (for export)</em> field on Custom Field and Property Setter records before applying this filter.</span><p class='alert alert-warning'> <strong>Warning:</strong> Customizations from other modules will be excluded.</p>,仅导出分配给所选模块的自定义设置。<br><span class='text-muted'><strong>注意：</strong>您必须在文档类型中设置<em>模块（用于导出）</em>字段才能使用此筛选器。</span>,
Export the data without any header notes and column descriptions,导出数据时不包含标题注释和列描述,
Export without main header,不导出主标题,
Export {0} records,导出 {0} 笔记录,
Exported permissions will be force-synced on every migrate overriding any other customization.,导出的权限将在每次迁移时强制同步，覆盖其他自定义设置。,
Expose Recipients,公开收件人,
Expression,表达式,
Expression (old style),表达式（旧式）,
"Expression, Optional",表达式（可选）,
External,外部,
External Link,外部链接,
Extra Parameters,额外参数,
FAILURE,失败,
Facebook,Facebook,
Fail,失败,
Failed,失败,
Failed Emails,发送失败的邮件,
Failed Job Count,失败任务计数,
Failed Jobs,失败任务,
Failed Logins (Last 30 days),登录失败（最近30天）,
Failed Transactions,失败事务,
Failed to aquire lock: {}. Lock may be held by another process.,获取锁失败：{}。可能被其他进程占用。,
Failed to change password.,密码修改失败。,
Failed to complete setup,无法完成设置,
Failed to compute request body: {},计算请求正文失败：{},
Failed to connect to server,无法连接服务器,
"Failed to decode token, please provide a valid base64-encoded token.",解码令牌失败，请提供有效的Base64编码令牌。,
Failed to decrypt key {0},解密密钥{0}失败,
Failed to delete communication,删除沟通记录失败,
Failed to delete {0} documents: {1},未能删除 {0} 个单据: {1},
Failed to enable scheduler: {0},启动后台任务 {0} 失败,
Failed to evaluate conditions: {},条件评估失败：{},
Failed to export python type hints,导出Python类型提示失败,
Failed to generate names from the series,未能从序列生成名称,
Failed to generate preview of series,无法生成序列预览,
Failed to get method for command {0} with {1},无法获取命令{0}的方法（参数{1}）,
Failed to get method {0} with {1},无法获取方法{0}（参数{1}）,
"Failed to import virtual doctype {}, is controller file present?",导入虚拟文档类型{}失败，控制器文件是否存在？,
Failed to optimize image: {0},图像优化失败：{0},
Failed to render message: {},消息渲染失败：{},
Failed to render subject: {},主题渲染失败：{},
Failed to request login to Frappe Cloud,请求登录Frappe云失败,
Failed to retrieve the list of IMAP folders from the server. Please ensure the mailbox is accessible and the account has permission to list folders.,从服务器获取 IMAP 文件夹列表失败。请确保邮箱可访问且账户有列出文件夹的权限。,
Failed to send email with subject:,邮件发送失败，邮件标题：,
Failed to send notification email,发送通知邮件失败,
Failed to update global settings,更新全局设置失败,
Failed while calling API {0},调用API {0}时失败,
Failing Scheduled Jobs (last 7 days),失败的计划任务（最近7天）,
Failure,失败,
Failure Rate,故障率,
FavIcon,网站图标,
Fax,传真,
Feedback,反馈,
Female,女,
Fetch From,获取自,
Fetch Images,获取图像,
Fetch attached images from document,从单据中获取添加的图像,
Fetch on Save if Empty,保存时若为空则获取,
Fetching default Global Search documents.,正在获取默认全局搜索文档。,
Fetching fields from {0}...,正在从 {0} 获取字段...,
Field,字段,
"Field ""route"" is mandatory for Web Views",Web视图必须使用字段“路由”,
"Field ""title"" is mandatory if ""Website Search Field"" is set.",如果设置了“网站搜索字段”，则“标题”字段是必填的。,
"Field ""value"" is mandatory. Please specify value to be updated",字段值必填。请指定值进行更新,
Field <code>{0}</code> not found in {1},在 {1} 中未找到字段 <code>{0}</code>,
Field Description,字段描述,
Field Missing,缺失字段,
Field Name,字段名称,
Field Orientation (Left-Right),字段布局（左右排列）,
Field Orientation (Top-Down),字段布局（上下排列）,
Field Template,字段模板,
Field Type,字段类型,
Field not permitted in query,"查询过滤条件字段无效(js调用db.get_value, db.get_list过滤条件不支持字表字段，db.get_list支持子单据查询，需添加parent_doctype:主单据类型参数用于权限检查)",
"Field that represents the Workflow State of the transaction (if field is not present, a new hidden Custom Field will be created)",表示交易工作流状态的字段（若字段不存在，将创建新的隐藏自定义字段）,
Field to Track,跟踪字段,
Field type cannot be changed for {0},{0}不能更改字段类型,
Field {0} does not exist on {1},字段{0}在{1}中不存在,
Field {0} is referring to non-existing doctype {1}.,字段{0}引用了不存在的文档类型{1}。,
Field {0} must be a virtual field to support virtual doctype.,字段{0}必须为虚拟字段以支持虚拟文档类型。,
Field {0} not found.,找不到字段{0}。,
Field {0} on document {1} is neither a Mobile number field nor a Customer or User link,文档{1}的字段{0}既不是手机号码字段，也不是客户或用户链接字段,
Fieldname,字段名,
Fieldname '{0}' conflicting with a {1} of the name {2} in {3},字段名'{0}'与{3}中的{1} {2}冲突,
Fieldname called {0} must exist to enable autonaming,必须存在名为{0}的字段才能启用自动命名,
Fieldname is limited to 64 characters ({0}),字段名被限制为64个字符（{0}）,
Fieldname not set for Custom Field,必须为自定义字段设置设置字段名,
Fieldname which will be the DocType for this link field.,字段名将作为这个单据类型的链接字段。,
Fieldname {0} appears multiple times,字段名{0}重复出现,
Fieldname {0} cannot have special characters like {1},字段名{0}不能有特殊字符，如{1},
Fieldname {0} conflicting with meta object,字段名{0}与元对象冲突,
Fieldname {0} is restricted,字段名{0}受限制,
Fields,字段,
Fields Multicheck,多选字段,
Fields `file_name` or `file_url` must be set for File,文件必须设置`file_name`或`file_url`字段,
Fields must be a list or tuple when as_list is enabled,启用as_list时字段必须为列表或元组,
"Fields must be a string, list, tuple, pypika Field, or pypika Function",字段必须为字符串、列表、元组、pypika字段或pypika函数,
"Fields separated by comma (,) will be included in the ""Search By"" list of Search dialog box","以逗号 (,) 分隔的字段将包含在搜索对话框的“搜索依据”列表中",
Fieldtype,字段类型,
Fieldtype cannot be changed from {0} to {1},字段类型不能从{0}更改为{1},
Fieldtype cannot be changed from {0} to {1} in row {2},第{2}行中的字段类型不能从{0}更改为{1},
File,文件,
"File ""{0}"" was skipped because of invalid file type",由于文件类型无效，文件“{0}”被跳过,
File '{0}' not found,文件&#39;{0}&#39;未找到,
File Information,文件信息,
File Manager,文件管理器,
File Name,文件名,
File Size,文件大小,
File Storage,文件存储,
File Type,文件类型,
File URL,文件URL,
File URL is required when copying an existing attachment.,复制现有附件时需要文件 URL。,
File backup is ready,文件备份就绪,
File name cannot have {0},文件名不能包含{0},
File not attached,文件未添加,
File size exceeded the maximum allowed size of {0} MB,文件大小超过允许的{0} MB,
File too big,文件太大,
File type of {0} is not allowed,不允许{0}文件类型,
File upload failed.,文件上传失败。,
File {0} does not exist,文件{0}不存在,
Files,文件,
Filter,过滤条件,
Filter Area,筛选区域,
Filter Data,过滤数据,
Filter List,过滤条件列表,
Filter Meta,过滤元数据,
Filter Name,过滤条件名称,
Filter Values,过滤值,
Filter condition missing after operator: {0},运算符后缺少筛选条件：{0},
Filter fields have invalid backtick notation: {0},筛选字段包含无效的反引号表示法：{0},
Filter...,过滤条件...,
Filtered By,过滤依据,
Filtered Records,满足过滤条件的记录,
"Filtered by ""{0}""","按 ""{0}"" 筛选",
Filtered by: {0}.,筛选条件：{0}。,
Filters,筛选器,
Filters Configuration,过滤器配置,
Filters Display,过滤器显示,
Filters Editor,筛选器编辑器,
Filters JSON,过滤器JSON,
Filters Section,过滤器区段,
Filters saved,已保存过滤条件,
"Filters will be accessible via <code>filters</code>. <br><br>Send output as <code>result = [result]</code>, or for old style <code>data = [columns], [result]</code>","可通过<code>filters</code>访问过滤器。<br><br>输出格式为<code>result = [result]</code>，或旧式<code>data = [columns], [result]</code>",
Filters {0},过滤器{0},
Filters:,过滤器：,
Find '{0}' in ...,在...中查找'{0}',
Find {0} in {1},在{1}中找到{0},
Finished,已完成,
Finished At,完成于,
First,首页,
First Day of the Week,每周第一天,
First Name,姓名,
First Success Message,首次成功消息,
First data column must be blank.,第一个数据列必须为空。,
First set the name and save the record.,首先设置名称并保存记录。,
Fit,自适应,
Flag,标记,
Float,浮点数,
Float Precision,浮点精度,
Fold,折叠,
Fold can not be at the end of the form,不能在表单的末端折叠,
Fold must come before a Section Break,折叠须在段之前,
Folder,文件夹,
Folder Name,文件夹名称,
Folder name should not include '/' (slash),文件夹名称不应包含“/”（斜杠）,
Folder {0} is not empty,文件夹{0}非空,
Folio,页码,
Follow,关注,
Followed by,被谁关注,
Following Report Filters have missing values:,缺少以下报表过滤条件,
Following document {0},正在关注文档{0},
Following documents are linked with {0},以下文档与 {0} 相关联,
Following fields are missing:,以下字段缺失：,
Following fields have invalid values:,以下字段包含无效值：,
Following fields have missing values,以下字段缺少值,
Following fields have missing values:,以下字段值缺失：,
Font,字体,
Font Properties,字体属性,
Font Size,字号,
Fonts,字体,
Footer,页脚,
"Footer ""Powered By""",页脚“技术支持”,
Footer Based On,页脚依据,
Footer Content,页脚内容,
Footer Details,页脚详细信息,
Footer HTML,页脚HTML,
Footer HTML set from attachment {0},页脚HTML已从附件{0}设置,
Footer Image,页脚图片,
Footer Items,页脚项,
Footer Logo,页脚徽标,
Footer Script,页脚脚本,
Footer Template,页脚模板,
Footer Template Values,页脚模板值,
Footer might not be visible as {0} option is disabled</div>,页脚可能不可见，因为{0}选项已禁用</div>,
Footer will display correctly only in PDF,页脚仅在PDF中正确显示,
For DocType,针对文档类型,
For DocType Link / DocType Action,用于文档类型链接/文档类型操作,
For Document,针对文档,
For Document Type,单据类型,
For Energy Point System,用于能量积分系统,
For Example: {} Open,示例：{} 打开,
For User,用户,
For Value,值,
"For a dynamic subject, use Jinja tags like this: <code>{{ doc.name }} Delivered</code>",如需动态主题，请使用Jinja标签，例如：<code>{{ doc.name }} 已交付</code>,
"For comparison, use >5, <10 or =324.
For ranges, use 5:10 (for values between 5 & 10).","比较时，使用 >5、<10 或 =324。
范围时，使用 5:10（表示 5 到 10 之间的值）。",
"For comparison, use >5, <10 or =324. For ranges, use 5:10 (for values between 5 & 10).","过滤条件可以用>,<,= 比较符，两个值之间用：表示范围， 如>5, <10, =20, 5:10",
For example:,例如：,
"For example: If you want to include the document ID, use {0}",例如：如果要包括文件ID，使用{0},
For example: {} Open,例如：{}个未结项,
"For more information, {0}.",更多信息，请{0}。,
"For multiple addresses, enter the address on different line. e.g. test@test.com ⏎ test1@test.com",多个地址请分行输入。例如：test@test.com ⏎ test1@test.com,
"For updating, you can update only selective columns.",您只能更新选择的列。,
For {0} at level {1} in {2} in row {3},对行{3}，{2}中级别{1}的{0},
Force,强制,
Force Re-route to Default View,强制重定向至默认视图,
Force Stop job,强制终止作业,
Force User to Reset Password,强制用户重置密码,
Force Web Capture Mode for Uploads,强制使用网页捕获模式上传,
Forgot Password?,忘了密码？,
Form,表单,
Form Builder,表单构建器,
Form Dict,表单字典,
Form Settings,表单设置,
Form Tour,表单向导,
Form Tour Step,表单向导步骤,
Form URL-Encoded,表单URL编码,
Format,格式,
Format Data,格式化数据,
Fortnightly,双周,
Forward,转发,
Forward Query Parameters,转发查询参数,
Forward To Email Address,转发至邮箱地址,
Fraction,分数,
Fraction Units,分数单位,
Frappe,Frappe,
Frappe Blog,Frappe博客,
Frappe Forum,Frappe论坛,
Frappe Framework,Frappe框架,
Frappe Light,Frappe Light主题,
Frappe Mail,Frappe邮件,
Frappe Mail OAuth Error,Frappe邮件OAuth错误,
Frappe Mail Site,Frappe邮件站点,
Frappe Support,Frappe支持,
Frappe page builder using components,使用组件的Frappe页面构建器,
Frequency,频率,
Friday,星期五,
From,发件人,
From Attach Field,来自附件字段,
From Date,起始日期,
From Date Field,起始日期字段,
From Document Type,单据类型,
From Field,来自字段,
From Full Name,发件人全名,
From User,来源用户,
From version,先前版本,
Full,完整,
Full Name,全名,
Full Page,全屏显示,
Full Width,全宽,
Function,函数,
Function Based On,函数基准字段,
Function {0} is not whitelisted.,方法 {0} 申明前未添加@frappe.whitelist()装饰器,
Function {0} requires arguments but none were provided,函数{0}需要参数但未提供任何参数,
Further sub-groups can only be created under records marked as 'Group',仅可在标记为“组”的记录下创建进一步子组,
Fw: {0},FW：{0},
GET,GET,
GMail,Gmail,
GNU Affero General Public License,GNU Affero通用公共许可证,
GNU General Public License,GNU通用公共许可证,
Gantt,甘特图,
Gantt View,甘特视图,
Gender,性别,
Genderqueer,性别酷儿,
General,常规,
Generate Keys,生成密钥,
Generate New Report,生成新报表,
Generate Random Password,生成随机密码,
Generate Separate Documents For Each Assignee,为每位负责人生成独立文档,
Generate Tracking URL,生成跟踪 URL,
Geo,地理,
Geoapify,Geoapify服务,
Geolocation,地理位置,
Geolocation Settings,地理位置设置,
Get Alerts for Today,获取今天的预警通知,
Get Backup Encryption Key,获取备份秘钥,
Get Contacts,获取联系人,
Get Fields,选字段,
Get Header and Footer wkhtmltopdf variables,获取页眉页脚wkhtmltopdf变量,
Get Items,选物料,
Get OpenID Configuration,获取OpenID配置,
Get PDF,获取PDF,
Get a preview of generated names with a series.,预览系列生成的名称。,
Get notified when an email is received on any of the documents assigned to you.,当分配给您的文档收到邮件时接收通知。,
Get your globally recognized avatar from Gravatar.com,从Gravatar.com获取全球通用头像,
Getting Started,入门,
Git Branch,Git分支,
GitHub,GitHub,
Github flavoured markdown syntax,GitHub风格的Markdown语法,
Global Search DocType,全局搜索单据类型,
Global Search Document Types Reset.,全局搜索单据类型重置,
Global Search Settings,全局搜索设置,
Global Shortcuts,全局访问,
Global Unsubscribe,全局退订,
Go,前往,
Go Back,返回,
Go to Login Required field,前往登录必填字段,
Go to Notification Settings List,转到通知设置列表,
Go to Page,前往页面,
Go to Workflow,转到工作流,
Go to Workspace,转到工作区,
Go to next record,转到下一条记录,
Go to previous record,转到上一条记录,
Go to the document,转到单据,
Go to this URL after completing the form,填写表单后跳转至此URL,
Go to {0},转到{0},
Go to {0} List,前往 {0} 列表,
Go to {0} Page,转到{0}页面,
Goal,目标,
Google,Google,
Google Analytics ID,Google Analytics ID,
Google Analytics anonymise IP,Google Analytics匿名化IP,
Google Calendar,谷歌日历,
"Google Calendar - Could not create Calendar for {0}, error code {1}.",谷歌日历 - 无法为{0}创建日历，错误代码{1},
"Google Calendar - Could not delete Event {0} from Google Calendar, error code {1}.",谷歌日历 - 无法从谷歌日历删除事件{0}，错误代码{1},
"Google Calendar - Could not fetch event from Google Calendar, error code {0}.",谷歌日历 - 无法从谷歌日历获取事件，错误代码{0},
"Google Calendar - Could not find Calendar for {0}, error code {1}.",Google日历 - 未找到{0}的日历，错误代码{1}。,
"Google Calendar - Could not insert contact in Google Contacts {0}, error code {1}.",谷歌日历 - 无法在谷歌联系人{0}中插入联系人，错误代码{1},
"Google Calendar - Could not insert event in Google Calendar {0}, error code {1}.",谷歌日历 - 无法在谷歌日历{0}插入事件，错误代码{1},
"Google Calendar - Could not update Event {0} in Google Calendar, error code {1}.",谷歌日历 - 无法更新谷歌日历中的事件{0}，错误代码{1},
Google Calendar Event ID,Google日历事件ID,
Google Calendar ID,Google日历ID,
Google Calendar has been configured.,谷歌日历已配置,
Google Contacts,Google通讯录,
"Google Contacts - Could not sync contacts from Google Contacts {0}, error code {1}.",谷歌联系人 - 无法从谷歌联系人{0}同步联系人，错误代码{1},
"Google Contacts - Could not update contact in Google Contacts {0}, error code {1}.",谷歌联系人 - 无法更新谷歌联系人{0}中的联系人，错误代码{1},
Google Contacts Id,Google联系人ID,
Google Drive,谷歌云端硬盘,
Google Drive Picker,Google云端硬盘选择器,
Google Drive Picker Enabled,已启用Google云端硬盘选择器,
Google Font,Google字体,
Google Meet Link,Google Meet链接,
Google Settings,Google设置,
Google Sheets URL is invalid or not publicly accessible.,谷歌表格URL无效或不可公开访问,
"Google Sheets URL must end with ""gid={number}"". Copy and paste the URL from the browser address bar and try again.",Google表格网址必须以“ gid = {number}”结尾。从浏览器地址栏中复制并粘贴URL，然后重试。,
Grant Type,授权类型,
Graph,图表,
Gray,灰色,
Greater Than,大于,
Greater Than Or Equal To,大于等于,
Green,绿色,
Grid Empty State,网格空状态,
Grid Page Length,表单子表默认显示行数,
Grid Shortcuts,网格快捷键,
Group,组,
Group By,分组依据,
Group By Based On,基于以下分组,
Group By Type,按类型分组,
Group By field is required to create a dashboard chart,创建仪表板图表需要分组依据字段,
Group By must be a string,分组依据必须为字符串,
Group Object Class,组对象类,
Grouped by <span style='font-weight:600;'>{0}</b>,按<span style='font-weight:600;'>{0}</b>分组,
Guidelines and policies on vulnerability reporting. Defaults to `https://frappe.io/security`,漏洞报告的指南和政策。默认为 `https://frappe.io/security`,
HEAD,HEAD,
HERE,HERE地图,
HH:mm,HH:mm,
HH:mm:ss,HH:mm:ss,
HTML,HTML,
HTML Editor,HTML编辑器,
HTML Message,HTML 消息,
HTML Page,HTML页面,
HTML for header section. Optional,头部HTML内容(可选),
HTML with jinja support,支持jinja的HTML,
Half,半宽,
Half Day,半日假,
Half Yearly,每半年,
Half-yearly,每半年,
Handled Emails,已处理邮件,
Has  Attachment,包含附件,
Has Attachments,有附件,
Has Domain,有域名,
Has Next Condition,存在后续条件,
Has Role,有角色,
Has Setup Wizard,包含设置向导,
Has Web View,具有网页视图,
Have an account? Login,有账户？登录,
Header,页眉,
Header HTML,页眉HTML,
Header HTML set from attachment {0},使用附件{0}设置HTML文件头,
Header Icon,标题图标,
Header Script,页眉脚本,
Header and Breadcrumbs,页眉与面包屑导航,
"Header, Robots",页眉、机器人协议,
Header/Footer scripts can be used to add dynamic behaviours.,页眉/页脚脚本可用于添加动态行为,
Headers,头部,
Headers must be a dictionary,请求头必须为字典类型,
Heading,标题,
Heatmap,热力图,
Hello,你好,
"Hello,",您好：,
Help,帮助,
Help Article,帮助文章,
Help Articles,帮助文章,
Help Category,帮助分类,
Help Dropdown,帮助下拉菜单,
Help HTML,帮助HTML,
"Help: To link to another record in the system, use ""/desk/note/[Note Name]"" as the Link URL. (don't use ""http://"")","帮助：要链接到系统中的其他记录，请使用 ""/desk/note/[笔记名称]"" 作为链接 URL。（不要使用 ""http://""）",
Helpful,有帮助,
Helvetica,Helvetica,
Helvetica Neue,Helvetica Neue,
Here's your tracking URL,这是您的跟踪 URL,
Hi {0},{0},
Hidden,隐藏,
Hidden Fields,隐藏字段,
Hidden columns include: <br> {0},隐藏列包括：<br>{0},
Hide,隐藏,
Hide Block,隐藏区块,
Hide Border,隐藏边框,
Hide Buttons,隐藏按钮,
Hide Copy,隐藏复制,
Hide Custom DocTypes and Reports,隐藏自定义文档类型和报表,
Hide Days,隐藏天数,
Hide Descendants,隐藏下层节点,
Hide Empty Read-Only Fields,隐藏空的只读字段,
Hide Error,隐藏错误,
Hide Label,隐藏标签,
Hide Login,隐藏登录,
Hide Preview,隐藏预览,
"Hide Previous, Next and Close button on highlight dialog.",在高亮对话框中隐藏上一条、下一条和关闭按钮,
Hide Seconds,隐藏秒数,
"Hide Sidebar, Menu, and Comments",隐藏侧边栏、菜单和评论,
Hide Standard Menu,隐藏标准菜单,
Hide Weekends,隐藏周末,
Hide descendant records of <b>For Value</b>.,隐藏<b>取值</b>的后代记录,
Hide details,隐藏细节,
Hide footer,隐藏页脚,
Hide footer in auto email reports,在自动邮件报表中隐藏页脚,
Hide footer signup,隐藏页脚注册,
Hide navbar,隐藏导航栏,
High,高,
Higher priority rule will be applied first,高优先级规则将优先应用,
Highlight,高亮,
"Hint: Include symbols, numbers and capital letters in the password",提示：在密码中加入符号，数字和大写字母,
Home,首页,
Home Page,主页,
Home Settings,主页设置,
Home/Test Folder 1,主页/测试文件夹1,
Home/Test Folder 1/Test Folder 3,主页/测试文件夹1 /测试文件夹3,
Home/Test Folder 2,主页/测试文件夹2,
Hourly,每小时,
Hourly Long,每小时长格式,
Hourly Maintenance,按小时维护,
Hourly rate limit for generating password reset links,生成密码重置链接的每小时速率限制,
Hours,小时,Duration
"How should this currency be formatted? If not set, will use system defaults",如何格式化此货币？未设置时使用系统默认,
Human-readable name intended for display to the end user.,面向最终用户显示的人类可读名称。,
ID,编号,
ID (name),标识符(名称),
ID (name) of the entity whose property is to be set,要设置属性的实体ID(名称),
"IDs must contain only alphanumeric characters, not contain spaces, and should be unique.",ID仅可包含字母数字字符，不能含空格且需唯一,
IMAP Details,IMAP详情,
IMAP Folder,收件箱目录,
IMAP Folder Not Found,未找到 IMAP 文件夹,
IMAP Folder Validation Failed,IMAP 文件夹验证失败,
IMAP Folder name cannot be empty.,IMAP 文件夹名称不能为空。,
IP Address,IP地址,
Icon,图标,
Icon Image,图标图片,
Icon Style,图标样式,
Icon Type,图标类型,
Icon is not correctly configured please check the workspace sidebar to it,图标配置不正确，请检查工作区侧边栏,
Icon will appear on the button,图标将显示在按钮上,
Identity Details,身份详情,
Idx,索引,
"If Apply Strict User Permission is checked and User Permission is defined for a DocType for a User, then all the documents where value of the link is blank, will not be shown to that User",如勾选'应用严格用户权限'且为用户定义了某文档类型的权限，则该用户无法查看链接字段为空的文档,
If Checked workflow status will not override status in list view,勾选后工作流状态不会覆盖列表视图状态,
If Owner,是制单人？,
"If a Role does not have access at Level 0, then higher levels are meaningless.",如果角色没有0级的访问权限，那么无需设置更高级权限,
"If checked, a confirmation will be required before performing workflow actions.",若勾选，执行工作流操作前将需要确认。,
"If checked, all other workflows become inactive.",勾选后其他工作流将失效,
"If checked, negative numeric values of Currency, Quantity or Count would be shown as positive",勾选后货币、数量或计数的负值将显示为正值,
"If checked, users will not see the Confirm Access dialog.",勾选后用户不会看到确认访问对话框,
"If disabled, this role will be removed from all users.",禁用后该角色将从所有用户移除,
"If enabled,  user can login from any IP Address using Two Factor Auth, this can also be set for all users in System Settings",启用后用户可从任意IP地址双因素登录，也可在系统设置中全局启用,
"If enabled, all responses on the web form will be submitted anonymously",启用后Web表单提交将匿名处理,
"If enabled, all users can login from any IP Address using Two Factor Auth. This can also be set only for specific user(s) in User Page",启用后所有用户可从任意IP双因素登录，也可在用户页面单独设置,
"If enabled, changes to the document are tracked and shown in timeline",启用后将跟踪文档变更并显示在时间轴,
"If enabled, document views are tracked, this can happen multiple times",启用后将跟踪文档查看次数(允许多次统计),
"If enabled, only System Managers can upload public files. Other users can't see the checkbox <i>Is Private</i> in the upload dialog.",如果启用，只有系统管理员可以上传公共文件。其他用户在上传对话框中看不到<i>是否私有</i>复选框。,
"If enabled, the document is marked as seen, the first time a user opens it",启用后用户首次打开文档即标记为已读,
"If enabled, the notification will show up in the notifications dropdown on the top right corner of the navigation bar.",启用后通知将显示在导航栏右上角下拉菜单,
"If enabled, the password strength will be enforced based on the Minimum Password Score value. A value of 1 being very weak and 4 being very strong.",若启用，系统将根据最小密码评分值强制执行密码强度（注：1分表示极弱，4分表示极强）。,
"If enabled, users who login from Restricted IP Address, won't be prompted for Two Factor Auth",启用后来自受限IP的登录无需双因素验证,
"If enabled, users will be notified every time they login. If not enabled, users will only be notified once.",启用后每次登录都会通知用户，否则仅首次通知,
"If left empty, the default workspace will be the last visited workspace",留空则默认工作区为最后访问的工作区,
If non standard port (e.g. 587),非标准端口(如587),
"If non standard port (e.g. 587). If on Google Cloud, try port 2525.",非标准端口(如587)，Google Cloud环境下可尝试2525端口,
"If non-standard port (e.g. POP3: 995/110, IMAP: 993/143)","非标准端口(如POP3:995/110, IMAP:993/143)",
"If not set, the currency precision will depend on number format",未设置时货币精度取决于数字格式,
"If set, only user with these roles can access this chart. If not set, DocType or Report permissions will be used.",设置后仅指定角色可访问此图表，未设置则使用文档类型或报表权限,
"If the user enables the mask property for the phone number field, the value will be displayed in a masked format (e.g., 811XXXXXXX).",如果用户为电话号码字段启用掩码属性，值将以掩码格式显示（例如：811XXXXXXX）。,
"If the user has access to Employee and Report is enabled, they can view Employee-based reports.",如果用户有员工访问权限且启用了报表，则可以查看基于员工的报表。,
"If the user has any role checked, then the user becomes a ""System User"". ""System User"" has access to the desktop","若用户勾选任意角色，则成为""系统用户""。""系统用户""拥有工作台访问权限",
"If these instructions where not helpful, please add in your suggestions on GitHub Issues.",如果这些说明没有帮助，请在Github提交你的建议。,
"If this email is registered with us, we have sent password reset instructions to it. Please check your inbox.",如果此邮箱已在我们这里注册，我们已向其发送了密码重置说明。请检查您的收件箱。,
"If this was a mistake or you need access again, please reach out to your team.",若此为误操作或您需要重新获取访问权限，请联系您的团队。,
"If unchecked, the value will always be re-fetched on save.",不勾选时值将在保存时重新获取,
If user is the owner,如果用户是所有者,
"If you are updating, please select ""Overwrite"" else existing rows will not be deleted.",如果你的操作是更新，请选择“覆盖”否则现有的行不会删除。,
"If you are uploading new records, ""Naming Series"" becomes mandatory, if present.",上传新纪录时，如果有单据编号模板字段，那么“单据编号模板”必须填写。,
"If you are uploading new records, leave the ""name"" (ID) column blank.",如果你在上传新纪录，那么单据编号(ID)列必须留空。,
"If you have any questions, reach out to your system administrator.",如有任何疑问，请联系系统管理员。,
"If you have recently restored the site, you may need to copy the site_config.json containing the original encryption key.",若近期恢复站点，需复制包含原始密钥的site_config.json文件,
"If you set this, this Item will come in a drop-down under the selected parent.",设置后该条目将出现在选定父级的下拉菜单中,
"If you think this is unauthorized, please change the Administrator password.",如果你认为这是未经授权的，请更改管理员密码。,
"If your CSV uses a different delimiter, add that character here, ensuring no spaces or additional characters are included.",如果您的 CSV 使用不同的分隔符，请在此添加该字符，确保不包含空格或额外字符。,
"If your data is in HTML, please copy paste the exact HTML code with the tags.",若数据为HTML格式，请完整复制包含标签的HTML代码,
Ignore User Permissions,忽略用户权限,
Ignore XSS Filter,忽略XSS过滤,
Ignore attachments over this size,忽略超过此大小的附件,
Ignored Apps,忽略的应用,
Illegal Document Status for {0},{0}非法单据状态,
Illegal SQL Query,非法SQL查询,
Illegal template,非法模板,
Image,图片,
Image Field,图片字段,
Image Height (px),图片高度（像素）,
Image Link,图片链接,
Image View,图片视图,
Image Width (px),图片宽度（像素）,
Image field must be a valid fieldname,图像字段必须是有效的字段名,
Image field must be of type Attach Image,图像字段的类型必须为附着图像,
Image link '{0}' is not valid,图片链接'{0}'无效,
Image optimized,图片已优化,
Image: Corrupted Data Stream,图片：数据流损坏,
Images,图片,
Impersonate,用其它用户身份登录,
Impersonate as {0},被模拟的用户,
Impersonated by {0},被{0}模拟登录,
Impersonating {0},正在模拟{0}登录,
Implement `clear_old_logs` method to enable auto error clearing.,需实现`clear_old_logs`方法以启用自动错误清理,
Implicit,隐式,
Import,导入,
Import Email From,导入电子邮件..,
Import File,导入文件,
Import File Errors and Warnings,导入文件错误和警告,
Import Log,导入日志,
Import Log Preview,导入日志预览,
Import Preview,导入预览,
Import Progress,导入进度,
Import Subscribers,导入订阅者,
Import Type,导入类型,
Import Warnings,导入警告,
Import Zip,导入压缩文件,
Import from Google Sheets,从 Google 表格导入,
"Import template should be of type .csv, .xlsx or .xls",导入模板须为.csv、.xlsx或.xls格式,
Import template should contain a Header and atleast one row.,导入模板需包含标题行和至少一行数据,
"Import timed out, please re-try.",导入超时，请重试,
Importing {0} is not allowed.,禁止导入{0},
Importing {0} of {1},导入{1}的{0},
"Importing {0} of {1}, {2}",正在导入 {0}/{1}，{2},
In,包括,
In Days,天数内,
In Filter,筛选器中,
In Global Search,全局搜索中,
In Grid View,在表格视图中显示,
In List Filter,列表筛选器中,
In List View,在列表视图中显示,
In Minutes,分钟,
In Preview,预览中,
In Progress,进行中,
In Read Only Mode,只读模式中,
In Reply To,回复至,
In Standard Filter,标准筛选中,
In points. Default is 9.,以点数计，默认为9,
In seconds,秒内,
Inactive,停用,
Inbox,收件箱,
Inbox User,邮件收件箱用户,
Inbox View,收件箱视图,
Include Disabled,包含已禁用,
Include Name Field,包含名称字段,
Include Search in Top Bar,在顶部栏包含搜索,
Include Theme from Apps,包含应用主题,
Include Web View Link in Email,邮件中包含网页视图链接,
Include filters,包括过滤条件,
Include hidden columns,包含隐藏列,
Include indentation,包括缩进,
"Include symbols, numbers and capital letters in the password",在密码中加入符号，数字和大写字母,
Incoming,收入,
Incoming (POP/IMAP) Settings,接收(POP/IMAP)设置,
Incoming Emails (Last 7 days),入站邮件(最近7天),
Incoming Server,接收服务器,
Incoming Settings,接收设置,
Incoming email account not correct,邮件收件箱帐号不正确,
Incomplete Virtual Doctype Implementation,虚拟文档类型实现不完整,
Incomplete login details,登录详细信息不完整,
Incorrect Configuration,配置错误,
Incorrect URL,URL错误,
Incorrect User or Password,不正确的用户或密码,
Incorrect Verification code,验证码不正确,
Incorrect value in row {0}:,第{0}行值错误：,
Incorrect value:,错误值：,
Indent,上层需求,
Index,索引,
Index Web Pages for Search,为搜索建立网页索引,
Index created successfully on column {0} of doctype {1},在{1}的{0}列成功创建索引,
Indexing authorization code,正在索引授权码,
Indexing refresh token,正在索引刷新令牌,
Indicator,指示器,
Indicator Color,指示器颜色,
Indicator color,指示器颜色(快捷方式右上角数字),
Info,信息,
Info:,信息：,
Initial Sync Count,初始同步计数,
InnoDB,InnoDB,
Input existing role name if you would like to extend it with access of another role.,输入现有角色名称以继承其他角色的权限,
Insert,插入,
Insert Above,在上面插入,
Insert After,在后边插入,
Insert After cannot be set as {0},在后边插入不能设置为{0},
"Insert After field '{0}' mentioned in Custom Field '{1}', with label '{2}', does not exist",在自定义字段“{1}”中参照的标题为“{2}”字段“{0}”不存在,
Insert Below,下面插入,
Insert Column Before {0},在{0}之前插入列,
Insert Image in Markdown,在Markdown中插入图片,
Insert New Records,插入新记录,
Insert Style,插入样式,
Instagram,Instagram,
Install {0} from Marketplace,从应用市场安装{0},
Installed Application,已安装应用,
Installed Applications,已安装应用,
Installed Apps,已安装应用,
Instructions,说明,
Instructions Emailed,电子邮件说明,
Insufficient Permission Level for {0},{0}权限级别不足,
Insufficient Permission for {0},{0} 权限不足,
Insufficient Permissions for deleting Report,删除报表权限不足,
Insufficient Permissions for editing Report,编辑报表权限不足,
Insufficient attachment limit,附件限制不足,
Int,整数,
Integration Request,集成请求,
Integrations,集成,
Integrations can use this field to set email delivery status,集成可使用此字段设置邮件发送状态,
Inter,Inter字体,
Interests,兴趣爱好,
Intermediate,中级,
Internal Server Error,内部服务器错误,
Internal record of document shares,文件分享的内部记录,
Interval,间隔,
Intro Video URL,介绍视频URL,
Introduce your company to the website visitor.,向网站访问者介绍您的公司,
Introduction,介绍,
Introductory information for the Contact Us Page,联系我们页面的介绍信息,
Introspection URI,内省URI,
Invalid,无效,
"Invalid ""depends_on"" expression",“depends_on”表达式无效,
"Invalid ""depends_on"" expression set in filter {0}",在过滤器{0}中设置了无效的“ depends_on”表达式,
"Invalid ""mandatory_depends_on"" expression",“mandatory_depends_on”表达式无效,
Invalid Action,无效操作,
Invalid CSV Format,CSV格式无效,
Invalid Code. Please try again.,验证码无效，请重试,
Invalid Condition: {},无效条件：{},
Invalid Credentials,无效证件,
Invalid Credentials for Email Account: {0},邮箱账户凭据无效：{0},
Invalid Date,日期无效,
Invalid DocType,文档类型无效,
Invalid DocType: {0},无效文档类型：{0},
Invalid Doctype,无效文档类型,
Invalid Fieldname,字段名无效,
Invalid File URL,文件URL无效,
Invalid Filter,无效筛选器,
Invalid Filter Format for field {0} of type {1}. Try using filter icon on the field to set it correctly,类型 {1} 的字段 {0} 链接字段筛选条件无效，请点击字段右上角漏斗过滤图标在弹窗中设置过滤条件,
Invalid Filter Value,过滤值无效,
Invalid Home Page,无效的主页,
Invalid Link,无效链接,
Invalid Login Token,无效登录令牌,
Invalid Login. Try again.,登录无效。再试一次。,
Invalid Mail Server. Please rectify and try again.,无效的邮件服务器，请纠正后重试。,
Invalid Naming Series: {},无效命名规则：{},
Invalid Operation,无效操作,
Invalid Option,错误选项,
Invalid Outgoing Mail Server or Port: {0},出站邮件服务器或端口无效：{0},
Invalid Output Format,无效的输出格式,
Invalid Override,无效覆盖,
Invalid Parameters.,参数无效,
Invalid Password,无效的密码,
Invalid Phone Number,电话号码无效,
Invalid Request,无效请求,
Invalid Search Field {0},无效的搜索字段{0},
Invalid Table Fieldname,表字段名无效,
Invalid Transition,无效转换,
Invalid URL,URL无效,
Invalid User Name or Support Password. Please rectify and try again.,无效的用户名或支持密码。请纠正然后重试。,
Invalid Values,无效值,
Invalid Webhook Secret,Webhook密钥无效,
Invalid aggregate function,无效聚合函数,
Invalid alias format: {0}. Alias must be a simple identifier.,别名格式无效：{0}。别名必须为简单标识符。,
Invalid app,无效应用,
Invalid argument format: {0}. Only quoted string literals or simple field names are allowed.,参数格式无效：{0}。仅允许带引号的字符串字面量或简单字段名。,
"Invalid argument type: {0}. Only strings, numbers, dicts, and None are allowed.",无效的参数类型：{0}。仅允许字符串、数字、字典和 None。,
"Invalid characters in fieldname: {0}. Only letters, numbers, and underscores are allowed.",字段名包含无效字符：{0}。仅允许字母、数字和下划线。,
Invalid column,无效列,
Invalid condition type in nested filters: {0},嵌套筛选器中条件类型无效：{0},
Invalid direction in Order By: {0}. Must be 'ASC' or 'DESC'.,排序方向无效：{0}。必须为“ASC”或“DESC”。,
Invalid docstatus,文档状态无效,
Invalid expression in Workflow Update Value: {0},工作流更新值中的表达式无效：{0},
Invalid expression set in filter {0},过滤器{0}中的表达式无效,
Invalid expression set in filter {0} ({1}),过滤器{0}({1})中的表达式无效,
"Invalid field format for SELECT: {0}. Field names must be simple, backticked, table-qualified, aliased, or '*'.",SELECT字段格式无效：{0}。字段名必须为简单名称、反引号包裹、表限定、别名或“*”。,
"Invalid field format in {0}: {1}. Use 'field', 'link_field.field', or 'child_table.field'.",{0}中字段格式无效：{1}。请使用“字段”、“链接字段.字段”或“子表.字段”。,
Invalid field name {0},字段名称{0}无效,
Invalid field type: {0},字段类型无效：{0},
Invalid fieldname '{0}' in autoname,编号规则中字段名“{0}”无效,
Invalid file path: {0},无效的文件路径：{0},
Invalid filter condition: {0}. Expected a list or tuple.,筛选条件无效：{0}。期望为列表或元组。,
Invalid filter field format: {0}. Use 'fieldname' or 'link_fieldname.target_fieldname'.,筛选字段格式无效：{0}。请使用“字段名”或“链接字段名.目标字段名”。,
Invalid filter: {0},无效过滤器：{0},
"Invalid function argument type: {0}. Only strings, numbers, lists, and None are allowed.",函数参数类型无效：{0}。仅允许字符串、数字、列表和None。,
Invalid input,输入无效,
Invalid json added in the custom options: {0},自定义选项中包含无效JSON：{0},
Invalid key,密钥无效,
Invalid name type (integer) for varchar name column,varchar名称列使用了整型名称类型,
Invalid naming series {}: dot (.) missing,命名规则{}错误：缺少点号(.),
Invalid naming series {}: dot (.) missing before the numeric placeholders. Kindly use a format like <b>ABCD.#####</b>.,命名序列{}无效：数字占位符前缺少点号(.)。请使用类似<b>ABCD.#####</b>的格式。,
Invalid nested expression: dictionary must represent a function or operator,无效的嵌套表达式：字典必须表示函数或运算符,
Invalid or corrupted content for import,导入内容无效或损坏,
Invalid redirect regex in row #{}: {},第{}行重定向正则表达式无效：{},
Invalid request arguments,请求参数无效,
Invalid request body,请求正文无效,
Invalid role,角色无效,
Invalid simple filter format: {0},简单筛选器格式无效：{0},
Invalid start for filter condition: {0}. Expected a list or tuple.,筛选条件起始格式无效：{0}。期望为列表或元组。,
Invalid template file for import,导入模板文件无效,
Invalid token state! Check if the token has been created by the OAuth user.,令牌状态无效！请检查是否由OAuth用户创建,
Invalid username or password,用户名或密码错误,
Invalid value specified for UUID: {},指定的UUID值无效：{},
Invalid wkhtmltopdf version,wkhtmltopdf版本无效,
Invalid {0} condition,{0}条件无效,
Invalid {0} dictionary format,无效的 {0} 字典格式,
Inverse,反转,
Invitation already accepted,邀请已被接受,
Invitation already exists,邀请已存在,
Invitation cannot be cancelled,邀请无法取消,
Invitation is cancelled,邀请已取消,
Invitation is expired,邀请已过期,
Invitation not found,未找到邀请,
Invitation to join {0} cancelled,加入{0}的邀请已取消,
Invitation to join {0} expired,加入{0}的邀请已过期,
Invite as User,邀请成为用户,
Invited By,邀请人,
Is,是,
Is Active,生效,
Is Attachments Folder,是否为附件文件夹,
Is Billing Contact,是发票联系人,
Is Calendar and Gantt,是否为日历与甘特图,
Is Child Table,是子表,
Is Complete,是否完成,
Is Completed,已完成,
Is Current,是否为当前,
Is Custom,是否自定义,
Is Custom Field,是否为自定义字段,
Is Default,是否默认,
Is Dynamic URL?,是否为动态URL？,
Is Folder,是否为文件夹,
Is Global,全局有效？,
Is Group,是组,
Is Hidden,是否隐藏,
Is Home Folder,是否为首页文件夹,
Is Mandatory Field,是否为必填字段,
Is Optional State,是否为可选状态,
Is Primary,是否主要,
Is Primary Address,是否为主要地址,
Is Primary Contact,是否主要联系人,
Is Primary Mobile,是否主要手机号,
Is Primary Phone,是否主要电话号码,
Is Private,是否私有,
Is Public,是否公开,
Is Published Field,是否为发布字段,
Is Published Field must be a valid fieldname,已发布字段必须是有效字段,
Is Query Report,是否为查询报表,
Is Remote Request?,是否为远程请求？,
Is Setup Complete?,设置是否完成？,
Is Single,是单笔记录？,
Is Skipped,是否跳过,
Is Spam,是否为垃圾邮件,
Is Standard,是否标准,
Is Submittable,可提交(审批),
Is System Generated,是否系统生成,
Is Table,是否为表,
Is Table Field,是否为表字段,
Is Tree,是否为树形,
Is Unique,是否唯一,
Is Virtual,是否为虚拟,
Is Your Company Address,是公司地址,
Is standard,标准字段,
It is risky to delete this file: {0}. Please contact your System Manager.,删除此文件有风险：{0}。请联系您的系统管理员。,
It is too late to undo this email. It is already being sent.,现在撤回此邮件已太晚。邮件正在发送中。,
Item Label,条目标签,
Item Type,条目类型,
Item cannot be added to its own descendants,项目不能添加至其子节点,
Items,物料,
JS,JavaScript,
JS Message,JS消息,
JSON,JSON,
JSON Request Body,JSON请求体,
Jane Doe,张三,
JavaScript,JavaScript,
JavaScript Format: frappe.query_reports['REPORTNAME'] = {},JavaScript格式：frappe.query_reports['报表名称'] = {},
Javascript,JavaScript,
Javascript is disabled on your browser,浏览器已禁用JavaScript,
Jinja,Jinja,
Job ID,作业ID,
Job Id,作业标识,
Job Info,作业信息,
Job Name,作业名称,
Job Status,作业状态,
Job Stopped Successfully,作业已成功停止,
Job is in {0} state and can't be cancelled,任务处于{0}状态，无法取消,
Job is not running.,作业未运行。,
Job stopped successfully,任务已成功停止,
Join video conference with {0},加入与{0}的视频会议,
Jump to field,定位到字段,
Kanban,看板,
Kanban Board,看板,
Kanban Board Column,看板列,
Kanban Board Name,看板名称,
Kanban View,看板视图,
Keep Closed,保持关闭,
Keep track of all update feeds,跟踪所有更新提要,
Keeps track of all communications,跟踪所有通信,
Key,键,
Keyboard Shortcuts,键盘快捷键,
Keycloak,Keycloak认证,
Knowledge Base,知识库,
Knowledge Base Contributor,知识库贡献者,
Knowledge Base Editor,知识库编辑,
LDAP Auth,LDAP认证,
LDAP Custom Settings,LDAP自定义设置,
LDAP Email Field,LDAP邮箱字段,
LDAP First Name Field,LDAP名字字段,
LDAP Group,LDAP组,
LDAP Group Field,LDAP组字段,
LDAP Group Mapping,LDAP组映射,
LDAP Group Mappings,LDAP组映射集,
LDAP Group Member attribute,LDAP组成员属性,
LDAP Last Name Field,LDAP姓氏字段,
LDAP Middle Name Field,LDAP中间名字段,
LDAP Mobile Field,LDAP手机字段,
LDAP Not Installed,LDAP未安装,
LDAP Phone Field,LDAP电话字段,
LDAP Search String,LDAP搜索字符串,
"LDAP Search String must be enclosed in '()' and needs to contian the user placeholder {0}, eg sAMAccountName={0}",LDAP搜索字符串必须用'()'包裹并包含用户占位符{0}，例如sAMAccountName={0},
LDAP Search and Paths,LDAP搜索路径,
LDAP Security,LDAP安全,
LDAP Server Settings,LDAP服务器设置,
LDAP Server Url,LDAP服务器URL,
LDAP Settings,LDAP设置,
LDAP User Creation and Mapping,LDAP用户创建与映射,
LDAP Username Field,LDAP用户名字段,
LDAP is not enabled.,LDAP未启用。,
LDAP search path for Groups,LDAP组搜索路径,
LDAP search path for Users,LDAP用户搜索路径,
LDAP settings incorrect. validation response was: {0},LDAP设置错误，验证响应为：{0},
Label,标签,
Label Help,标签帮助,
Label and Type,标签与类型,
Label is mandatory,标签信息必填,
Landing Page,着陆页,
Landscape,横向,
Language,语言,
Language Code,语言代码,
Language Name,语言名称,
Last,末页,
Last 10 active users,最近10个活跃用户,
Last 14 Days,过去14天,
Last 30 Days,过去30天,
Last 6 Months,过去6个月,
Last 7 Days,过去7天,
Last 90 Days,过去90天,
Last Active,最后活跃时间,
Last Edited by You,由您最后编辑,
Last Edited by {0},由 {0} 最后编辑,
Last Execution,最后执行时间,
Last Heartbeat,最后心跳检测,
Last IP,最后登录IP,
Last Known Versions,最后已知版本,
Last Login,最后登录时间,
Last Modified Date,上次修改日期,
Last Modified On,上次修改,
Last Month,上月,
Last Name,姓,
Last Password Reset Date,最后密码重置日期,
Last Quarter,上季度,
Last Received At,最后接收时间,
Last Reset Password Key Generated On,最后重置密码密钥生成时间,
Last Run,最后运行,
Last Sync On,最后同步时间,
Last Synced On,最后同步时间,
Last Updated,最后更新,
Last Updated By,最后更新人,
Last Updated On,最后更新日期,
Last User,最后操作用户,
Last Week,上周,
Last Year,去年,
Last synced {0},上次同步{0},
Layout,布局,
Layout Reset,布局重置,
"Layout will be reset to standard layout, are you sure you want to do this?",布局将重置为标准布局，确定继续？,
Lead Conversion Time,线索转换时间,
Learn more,了解更多,
Leave blank to repeat always,留空则始终重复,
Leave this conversation,离开这个谈话,
Ledger,分类账,
Left,左对齐,
Left Bottom,左下,
Left Center,左中,
Left this conversation,离开了这个谈话,
Legal,法律,
Length,长度,
Length of passed data array is greater than value of maximum allowed label points!,传入数据数组长度超过最大允许标签点数！,
Length of {0} should be between 1 and 1000,的{0}长度应介于1和1000之间,
Less,小于,
Less Than,小于,
Less Than Or Equal To,小于等于,
Let us continue with the onboarding,让我们继续完成初始化配置,
Let's Get Started,开始吧,
Let's avoid repeated words and characters,让我们避免重复的字、词,
Let's set up your account,设置账号,
Let's take you back to onboarding,让我们带您回到初始化配置,
Letter,信件,
Letter Head,信头,
Letter Head Based On,信头基于,
Letter Head Image,信头图片,
Letter Head Name,信头名称,
Letter Head Scripts,信头脚本,
Letter Head cannot be both disabled and default,信头不能同时禁用并设为默认,
Letter Head in HTML,HTML信头,
Level,级别,
"Level 0 is for document level permissions, higher levels for field level permissions.",级别0为单据级权限，大于0为字段级权限。,
Library,库,
License,许可证,
License Type,许可证类型,
Light,浅色,
Light Blue,浅蓝,
Light Color,浅色,
Light Theme,浅色主题,
Like,含关键字,
Liked,喜欢,
Liked By,谁喜欢,
Liked by me,我赞了,
Liked by {0} people,{0} 人赞了,
Likes,喜欢,
Limit,限制,
Limit must be a non-negative integer,限制必须为非负整数,
Line,行,
Link,链接,
Link Cards,链接卡片,
Link Count,链接计数,
Link Details,链接详情,
Link DocType,链接文档类型,
Link Document Type,链接文档类型,
Link Expired,链接已过期,
Link Field Results Limit,链接字段结果限制,
Link Fieldname,链接字段名,
Link Filters,链接字段筛选条件,
Link Name,链接名称,
Link Title,链接标题,
Link To,链接至,
Link To in Row,行内链接到,
Link Type,链接类型,
Link Type in Row,行内链接类型,
"Link for About Us Page is ""/about"".",关于我们的页面的链接是“/about”。,
"Link that is the website home page. Standard Links (home, login, products, blog, about, contact)",作为网站主页的链接。标准链接（首页、登录、产品、博客、关于、联系）,
Link to the page you want to open. Leave blank if you want to make it a group parent.,链接至要打开的页面。留空则设为分组父级,
Linked,已链接,
Linked with {0},与 {0} 关联,
LinkedIn,领英,
Links,链接,
List,列表,
List / Search Settings,列表/搜索设置,
List Columns,列表列,
List Filter,列表过滤条件,
List Settings,列表设置,
List View,列表视图,
List View Settings,列表视图设置,
List a document type,列出某单据类型,
"List as [{""label"": _(""Jobs""), ""route"":""jobs""}]","列表为 [{""label"": _(""Jobs""), ""route"":""jobs""}]",
"List of email addresses, separated by comma or new line.",电子邮件地址列表，用逗号或换行分隔。,
List of patches executed,已应用补丁列表,
List setting message,列表设置消息,
Lists,列表,
Load Balancing,负载均衡,
Load More,加载更多,
Load more,加载更多,
Loading,载入中,
Loading Filters...,正在加载筛选器...,
Loading import file...,正在加载导入文件...,
Loading user profile,正在加载用户资料,
Loading versions...,正在加载版本...,
Loading...,载入中...,
Location,地点,
Log,日志,
Log API Requests,记录API请求,
Log Data,日志数据,
Log DocType,日志文档类型,
Log In To {0},登录到{0},
Log Index,日志索引,
Log Setting User,日志设置用户,
Log Settings,日志设置,
Log in to access this page.,请登录后访问该网页,
Log out,退出系统,
Logged Out,登出,
Login,登录,
Login After,登录后,
Login Before,登录前,
Login Failed please try again,登录失败，请重试,
Login Id is required,登录ID是必需的,
Login Methods,登录方式,
Login Page,登录页面,
Login To {0},登录到{0},
Login Verification Code from {},登录验证码从{},
Login and view in Browser,在浏览器中登录和查看,
Login is required to see web form list view. Enable {0} to see list settings,需要登录才能查看Web表单列表视图。启用{0}以查看列表设置,
Login link sent to your email,登录链接已发送至您的邮箱,
Login not allowed at this time,不允许在这个时候登录,
Login required,需要登录,
"Login session expired, refresh page to retry",登录会话过期，刷新页面重试,
Login to comment,登录发表评论,
Login to start a new discussion,登录以发起新讨论,
Login to view,登录后查看,
Login to {0},登录到{0},
Login token required,需要登录令牌,
Login with Email Link,通过邮箱链接登录,
Login with Frappe Cloud,通过Frappe云登录,
Login with LDAP,与LDAP登录,
Login with email link,通过邮件链接登录,
Login with email link expiry (in minutes),邮件链接登录有效期（分钟）,
Login with username and password is not allowed.,不允许通过用户名密码登录。,
Login with {0},通过{0}登录,
Logo URI,标识URI,
Logo URL,Logo URL,
Logout,注销,
Logout All Sessions,退出所有会话,
Logout All Sessions on Password Reset,重置密码时注销所有会话,
Logout From All Devices After Changing Password,修改密码后从所有设备注销,
Logs To Clear,待清除日志,
Logs to Clear,待清理日志,
Long Text,长文本,
Looks like you didn't change the value,您似乎未更改该值,
Looks like you haven’t added any third party apps.,您似乎未添加任何第三方应用。,
Looks like you haven’t received any notifications.,还没有收到任何通知哦~,
Low,低,
MIT License,MIT许可证,
Madam,女士,
Main Section,主要部分,
Main Section (HTML),主要部分（HTML）,
Main Section (Markdown),主要部分（Markdown）,
Maintenance Manager,维保经理,
Maintenance User,维保用户,
Major,主要,
"Make ""name"" searchable in Global Search","在全局搜索中搜索""name""",
Make Attachment Public (by default),默认公开附件,
Make Attachments Public by Default,默认附件公开,
Make sure to configure a Social Login Key before disabling to prevent lockout,在禁用前请确保配置社交登录密钥以防止锁定,
Make use of longer keyboard patterns,利用较长的键盘模式,
Make {0},新建{0},
Makes the page public,使页面公开可见,
Male,男性,
Manage 3rd party apps,管理第三方应用,
Manage Billing,管理账单,
Mandatory,必填,
Mandatory Depends On,必填取决于,
Mandatory Depends On (JS),必填取决于（JS）,
Mandatory Information missing:,必填字段信息缺失：,
Mandatory field: set role for,必须填写：用于设置角色,
Mandatory field: {0},必填字段：{0},
"Mandatory fields required in table {0}, Row {1}",表{0}第{1}行有必填字段，,
Mandatory fields required in {0},{0}中有必填字段,
Mandatory:,必须项：,
Map,地图,
Map Columns,编辑字段对照关系,
Map View,地图视图,
Map columns from {0} to fields in {1},将{0}的列映射到{1}的字段,
Map route parameters into form variables. Example <code>/project/&lt;name&gt;</code>,将路由参数映射为表单变量。例如<code>/project/&lt;name&gt;</code>,
Mapping column {0} to field {1},正在映射列{0}到字段{1},
Margin Bottom,下边距,
Margin Left,左边距,
Margin Right,右边距,
Margin Top,上边距,
MariaDB Variables,MariaDB变量,
Mark all as read,全部标记为已读,
Mark as Read,标记为已读,
Mark as Spam,标记为垃圾邮件,
Mark as Unread,标记为未读,
Markdown,Markdown,
Markdown Editor,Markdown编辑器,
Marked As Spam,已标记为垃圾信息,
Marketing Manager,市场营销经理,
Mask,掩码,
Master,主表,
Max 500 records at a time,每次最多处理500条记录,
Max Attachments,最大附件数,
Max File Size (MB),最大文件大小(MB),
Max Height,最大高度,
Max Length,最大长度,
Max Report Rows,最大报告行数,
Max Value,最大值,
Max attachment size,最大附件尺寸,
Max auto email report per user,每用户最大自动邮件报告数,
Max signups allowed per hour,每小时允许的最大注册数,
Max width for type Currency is 100px in row {0},行{0}中，货币类型的最大宽度是100像素,
Maximum,最大值,
Maximum Attachment Limit of {0} has been reached for {1} {2}.,{1} {2} 已达到{0}的最大附件限制,
Maximum attachment limit of {0} has been reached.,已达到{0}的最大附件限制,
Maximum {0} rows allowed,仅允许最多{0}行,
Maybe,可能,
Me,我,
Meaning of Different Permission Types,不同权限类型的含义,
Medium,媒介,
Meeting,会议,
Meets Condition?,满足条件？,
Memory Usage,内存使用量,
Memory Usage in MB,内存使用量（MB）,
Mention,@提及,
Mentions,提及,
Menu,菜单,
Merge with existing,与现有项合并,
Merging is only possible between Group-to-Group or Leaf Node-to-Leaf Node,只有组和组，叶节点和叶节点之间能合并,
Message,消息,
Message Examples,消息示例,
Message ID,消息ID,
Message Parameter,消息参数,
Message Sent,消息已发送,
Message Type,消息类型,
Message clipped,邮件被剪辑,
Message from server: {0},服务器消息：{0},
Message not setup,消息未设置,
Message to be displayed on successful completion,成功完成后显示的消息,
Message-id,消息ID,
Messages,消息集,
Messaging CRM Campaign,消息 CRM 营销活动,
Meta,元数据,
Meta Description,元描述,
Meta Image,元图片,
Meta Tags,元标签,
Meta Title,元标题,
Meta description,元描述,
Meta image,元图像,
Meta title,元标题,
Meta title for SEO,SEO元标题,
Metadata,元数据,
Method,方法,
Method Not Allowed,方法不可调用,
Method is required to create a number card,创建数字卡片需指定方法,
Mid Center,中中,
Middle Name,中间名,
Milestone,里程碑,
Milestone Tracker,里程碑跟踪器,
Minimum,最小值,
Minimum Password Score,密码最低强度,
Minor,次要,
Minutes,会议记录,Duration
Minutes After,分钟后,
Minutes Before,分钟前,
Minutes Offset,分钟偏移量,
Misconfigured,配置错误,
Miss,女士,
Missing DocType,缺失文档类型,
Missing Field,缺少字段,
Missing Fields,缺少字段,
Missing Filters Required,请维护过滤条件,
Missing Permission,缺少权限,
Missing Value,缺失值,
Missing Values Required,必填字段信息缺失,
Mobile,手机号,
Mobile No,手机号,
Modal Trigger,模态框触发器,
Module,模块,
Module (for export),模块（用于导出）,
Module Def,模块定义,
Module HTML,模块HTML,
Module Name,模块名称,
Module Onboarding,模块初始化,
Module Profile,模块集合,
Module Profile Name,模块配置名称,
Module onboarding progress reset,模块入门进度已重置,
Module to Export,模块导出,
Module {} not found,未找到模块{},
Modules,模块,
Modules HTML,模块HTML,
Monday,星期一,
Monospace,等宽字体,
Month,月份,
Monthly,每月,
Monthly Long,完整月份,
Monthly Rank,月度排名,
More,更多,
More Info,更多信息,
More Information,更多信息,
More Options,更多选项,
More articles on {0},更多的文章{0},
More content for the bottom of the page.,页面底部的其他内容,
Most Used,最常用,
Most probably your password is too long.,很可能是密码过长导致,
Move,移动,
Move To,移到,
Move To Trash,移到废纸篓,
Move current and all subsequent sections to a new tab,移动当前及以下段到新页签,
Move cursor to above row,移动光标至上一行,
Move cursor to below row,移动光标至下一行,
Move cursor to next column,移动光标至下一列,
Move cursor to previous column,移动光标至上一列,
Move sections to new tab,移动段到新页签,
Move the current field and the following fields to a new column,移动当前及以下字段到新栏,
Move to Row Number,移至行号,
Move to next step when clicked inside highlighted area.,点击高亮区域后移至下一步,
Mozilla doesn't support :has() so you can pass parent selector here as workaround,Mozilla不支持:has()，此处可传递父选择器作为替代方案,
Mr,先生,r
Mrs,女士,
Ms,女士,s
Multiple root nodes not allowed.,不允许多个根节点。,
Must be a publicly accessible Google Sheets URL,必须为可公开访问的Google表格URL,
"Must be enclosed in '()' and include '{0}', which is a placeholder for the user/login name. i.e. (&(objectclass=user)(uid={0}))",必须用'()'括起并包含'{0}'（用户/登录名的占位符），例如：(&(objectclass=user)(uid={0})),
"Must be of type ""Attach Image""",必须为“附加图片”类型,
Must have report permission to access this report.,必须有报表权限才能访问此报表。,
Must specify a Query to run,必须指定要运行的查询,
Mute Sounds,静音,
Mx,Mx,x
My Account,我的账户,
My Device,我的设备,
My Filter,我的筛选器,
MyISAM,MyISAM,
N/A,不适用,Number not available
NEVER,从不,
"NOTE: If you add states or transitions in the table, it will be reflected in the Workflow Builder but you will have to position them manually. Also Workflow Builder is currently in <b>BETA</b>.",说明：通过以下子表添加的状态和转换规则也会体现在工作流设计器图形界面中，但需手工调整位置。工作流设计器目前尚在<b>试用阶段</b>,
NOTE: This box is due for depreciation. Please re-setup LDAP to work with the newer settings,注意：此配置即将弃用，请使用新版设置重新配置LDAP,
Name,名称,
Name (Doc Name),名称（文档名）,
"Name already taken, please set a new name",名称已被占用，请设置新名称,
Name cannot contain special characters like {0},名称不能包含特殊字符，如{0},
Name of the Document Type (DocType) you want this field to be linked to. e.g. Customer,此字段链接到的单据类型，例如客户,
Name of the new Print Format,新打印格式的名称,
Name of {0} cannot be {1},{0}的名称不能为{1},
Names and surnames by themselves are easy to guess.,自己名字和姓氏很容易被猜到。,
Naming,命名规则,
"Naming Options:
<ol><li><b>field:[fieldname]</b> - By Field</li><li><b>naming_series:</b> - By Naming Series (field called naming_series must be present)</li><li><b>Prompt</b> - Prompt user for a name</li><li><b>[series]</b> - Series by prefix (separated by a dot); for example PRE.#####</li>
<li><b>format:EXAMPLE-{MM}morewords{fieldname1}-{fieldname2}-{#####}</b> - Replace all braced words (fieldnames, date words (DD, MM, YY), series) with their value. Outside braces, any characters can be used.</li></ol>","命名选项：
<ol><li><b>字段：[字段名称]</b> - 按字段</li><li><b>自动增量</b> - 使用数据库的自动增量功能</li><li><b>naming_series：</b> - 按命名系列（名为 naming_series 的字段必须存在）</li><li><b>提示</b> - 提示用户输入名称</li><li><b>[series]</b> - 按前缀排列系列（以点分隔）；例如 PRE。#####</li>
<li><b>format:EXAMPLE-{MM}morewords{fieldname1}-{fieldname2}-{#####}</b> - 将所有括号内的单词（字段名称、日期单词（DD、MM、YY）、系列）替换为其值。括号外可使用任何字符。</li></ol>",
Naming Rule,命名规则,
Naming Series,命名规则,
Naming Series mandatory,单据编号模板是必填字段,
Navbar,导航栏,
Navbar Item,导航项,
Navbar Settings,导航栏设置,
Navbar Template,导航栏模板,
Navbar Template Values,导航栏模板值,
Navigate to main content,跳转到主要内容,
Navigation Buttons,导航按钮,
Navigation Settings,导航设置,
Need Help?,需要帮助？,
Need Workspace Manager role to edit private workspace of other users,需具备工作区管理员角色才能编辑其他用户的私有工作区,
Negative Value,负值,
Nested filters must be provided as a list or tuple.,嵌套筛选器必须作为列表或元组提供。,
Nested set error. Please contact the Administrator.,嵌套错误。请联系管理员。,
Network Printer Settings,网络打印机设置,
Never,从不,
New,新建,
New Activity,新活动,
New Address,新地址,
New Chart,统计图表,
New Contact,新联系人,
New Custom Block,新建自定义块,
New Custom Print Format,新自定义打印格式,
New Document Form,新建文档表单,
New Document Shared {0},新文档已共享{0},
New Email,发邮件,
New Email Account,新电子邮箱帐号,
New Event,新事件,
New Folder,新建文件夹,
New Kanban Board,新看板,
New Links,新建链接,
New Mention on {0},{0}的新@提及,
New Message from Website Contact Page,从网站的联系页面新消息,
New Name,新名称,
New Notification,新通知,
New Number Card,数字卡,
New Onboarding,新建入门指引,
New Password,新密码,
New Print Format Name,新的打印格式名称,
New Quick List,新建快速列表,
New Report name,新的报表名称,
New Role,新建角色,
New Shortcut,新建 快速访问,
New Users (Last 30 days),新用户（最近30天）,
New Value,新值,
New Workflow Name,新工作流名称,
New Workspace,新建工作区,
"New line separated list of allowed public client URLs (eg <code>https://frappe.io</code>), or <code>*</code> to accept all.
<br>
Public clients are restricted by default.","以换行符分隔的允许公共客户端URL列表（例如<code>https://frappe.io</code>），或使用<code>*</code>接受所有来源。
<br>
默认情况下公共客户端受到限制。",
New line separated list of scope values.,以换行符分隔的作用域值列表。,
"New lines separated list of strings representing ways to contact people responsible for this client, typically email addresses.",以换行符分隔的字符串列表，表示联系此客户端负责人的方式，通常为邮件地址。,
New password cannot be same as old password,新密码不能与旧密码相同,
New updates are available,有新的更新,
New users will have to be manually registered by system managers.,新用户需由系统管理员手动注册,
New value to be set,待设置的新值,
New {0},新建 {0},
New {0} Created,已创建新{0},
New {0} {1} added to Dashboard {2},新{0}{1}已添加到仪表盘{2},
New {0} {1} created,已创建新{0}{1},
New {0}: {1},新{0}：{1},
New {} releases for the following apps are available,以下应用程序有新版本{}了,
Newly created user {0} has no roles enabled.,新创建的用户 {0} 未启用任何角色,
Newsletter Manager,简讯经理,
Next,下一个,
Next 14 Days,未来 14 天,
Next 30 Days,未来30天,
Next 6 Months,未来6个月,
Next 7 Days,未来 7 天,
Next Action Email Template,下一步操作邮件模板,
Next Actions,下一步操作,
Next Actions HTML,下一步操作HTML,
Next Document,下一文档,
Next Execution,下次执行,
Next Form Tour,下一表单导览,
Next Month,下月,
Next Quarter,下季度,
Next Schedule Date,下次计划日期,
Next Scheduled Date,计划执行日期,
Next State,下一状态,
Next Step Condition,下一步条件,
Next Sync Token,下次同步令牌,
Next Week,下周,
Next Year,明年,
Next actions,审批动作,
Next on Click,点击后下一步,
No,否,
No Active Sessions,没有活动会话,
No Copy,无副本,
No Data,无数据,
No Data...,无数据,
No Email Account,没有电子邮箱帐号,
No Email Accounts Assigned,未分派电子邮箱帐号,
No Email field found in {0},在{0}中未找到邮件字段,
No Emails,没有电子邮件,
No Entry for the User {0} found within LDAP!,LDAP中未找到用户{0}的条目！,
No Filters Set,未设置过滤器,
No Google Calendar Event to sync.,无Google日历事件需同步,
No IMAP folders were found on the server. Please verify the email account settings and ensure the mailbox contains folders.,在服务器上未找到 IMAP 文件夹。请验证邮箱账户设置并确保邮箱包含文件夹。,
No Images,无图像,
No LDAP User found for email: {0},未找到邮箱为{0}的LDAP用户,
No Label,无标签,
No Letterhead,无信头,
No Name Specified for {0},{0}未指定名称,
No New notifications,暂无新通知,
No Permissions Specified,未指定权限,
No Permissions set for this criteria.,没有符合条件的权限。,
No Permitted Charts,无可用图表,
No Permitted Charts on this Dashboard,该仪表盘无可用图表,
No Preview,无预览,
No Preview Available,预览不可用,
No Printer is Available.,没有可用打印机。,
No RQ Workers connected. Try restarting the bench.,无RQ工作进程连接，请尝试重启服务,
No Results,没有结果,
No Results found,无数据,
No Roles Specified,未分派角色,
No Select Field Found,无生成看板列所需的单选字段,
No Suggestions,无建议,
No Tags,无标签,
No Upcoming Events,无未处理事项,
No activities to show,暂无活动,
No address added yet.,未添加地址。,
No alerts for today,今天无预警通知,
No attachment found for the prepared report,未找到已准备报表的附件,
No automatic optimization suggestions available.,暂无自动优化建议,
No changes in document,未做任何修改,
No changes made,未作更改,
No changes made because old and new name are the same.,新旧名称相同，未作更改,
No changes to sync,无变更需同步,
No changes to update,无变更需更新,
No comments yet.,暂无评论.,
No contacts added yet.,未添加联系人。,
No contacts linked to document,文档未关联联系人,
No currency fields in {0},{0} 中没有币种字段,
No data to export,没有要导出的数据,
No data to perform this action,没有数据可执行此操作,
No default Address Template found. Please create a new one from Setup > Printing and Branding > Address Template.,未找到默认地址模板，请通过 设置 > 打印与品牌 > 地址模板 创建,
No documents found tagged with {0},未找到标记为{0}的文档,
No email account associated with the User. Please add an account under User > Email Inbox.,此用户未关联邮箱帐号，请在用户收件箱中设置邮箱,
No email addresses to invite,无邮件地址可邀请,
No failed logs,无失败日志,
"No fields found that can be used as a Kanban Column. Use the Customize Form to add a Custom Field of type ""Select"".",找不到可用作看板列的字段。使用“定制表单”添加“选择”类型的自定义字段。,
No file attached,文件未添加,
No filters found,无过滤条件,
No filters selected,未选择过滤条件,
No further records,没有下一个记录了,
No matching entries in the current results,当前结果中没有匹配条目,
No matching records. Search something new,没有符合条件的记录。搜索新的东西,
No more items to display,没有更多要显示的条目,
"No need for symbols, digits, or uppercase letters.",无需符号，数字和大写字母。,
No new Google Contacts synced.,没有新的Google通讯录同步。,
No of Columns,列编号,
No of Requested SMS,请求短信数量,
No of Rows (Max 500),行数（最大500）,
No of Sent SMS,发送短信数量,
No permission for {0},无权限操作{0},
No permission to read {0},没有读取{0}的权限,
No permission to {0} {1} {2},无权{0} {1} {2},
No records deleted,没有记录被删除,
No records present in {0},{0}中没有记录,
No records tagged.,没有记录被标记。,
No records will be exported,没有满足条件的记录,
No rows,无行数据,
No rows selected,未选择行,
No subject,无主题,
No template found at path: {0},从{0}路径中找不到模板,
No user has the role <strong>{0}</strong>,没有用户具有角色 <strong>{0}</strong>,
No values to show,没有要显示的值,
No {0},无{0},
No {0} found,没有找到{0},
No {0} found with matching filters. Clear filters to see all {0}.,"未找到匹配当前筛选条件的{0},请清除筛选条件后查看全部{0}",
No {0} mail,没有{0}邮件,
No.,编号,Title of the 'row number' column
Nomatim,Nomatim（地理编码服务）,
Non Negative,非负,
Non-Conforming,不符合,
None,无,
None: End of Workflow,无：工作流结束,
Normalized Copies,标准化副本,
Normalized Query,标准化查询,
Not Allowed,不允许,
Not Ancestors Of,不是祖先,
Not Descendants Of,不是后代,
Not Equals,不等于,
Not Found,未找到,
Not Helpful,无帮助,
Not In,不包括,
Not Like,不含关键字,
Not Linked to any record,未链接到任何记录,
Not Nullable,不可为空,
Not Permitted,没有权限,
Not Permitted to read {0},无权限读取{0},
Not Published,未发布,
Not Saved,尚未保存,
Not Seen,未阅,
Not Sent,未发送,
Not Set,空值,Field value is not set
Not a valid Comma Separated Value (CSV File),不是一个有效的CSV文件,
Not a valid User Image.,非有效用户图像。,
Not a valid Workflow Action,不是有效的工作流操作,
Not active,非活动,
Not allowed for {0}: {1},不允许{0}：{1},
"Not allowed to attach {0} document, please enable Allow Print For {0} in Print Settings",不允许附加{0}文档，请在打印设置中启用“允许打印{0}”,
Not allowed to create custom Virtual DocType.,不允许创建自定义虚拟文档类型。,
Not allowed to print cancelled documents,不允许打印已取消的单据,
Not allowed to print draft documents,不允许打印草稿状态单据,
Not allowed via controller permission check,自定义代码权限检查has_permission不通过,
Not found,未找到,
Not in Developer Mode,未在开发模式下,
Not in Developer Mode! Set in site_config.json or make 'Custom' DocType.,未开启开发模式！请在site_config.json中设置或创建一个自定义单据类型,
Not permitted,没有权限,
Not permitted to view {0},没有权限查看{0},
Not permitted. {0}.,无权限。{0}。,
Note,备注,
Note Seen By,看过笔记的人,
Note:,备注：,
Note: Changing the Page Name will break previous URL to this page.,注意：更改页面名称将会破坏此页面的上一个URL。,
Note: Etc timezones have their signs reversed.,注：Etc时区符号取反。,
"Note: For best results,  images must be of the same size and width must be greater than height.",注意：最佳效果要求图像尺寸相同且宽度大于高度,
Note: Multiple sessions will be allowed in case of mobile device,注意：移动设备允许多会话,
Note: This will be shared with user.,此登录行为将通知对应用户,
Note: Your request for account deletion will be fulfilled within {0} hours.,注：您的账户删除请求将在{0}小时内处理。,
Notes:,注意事项：,
Nothing New,无新消息,
Nothing left to redo,无内容可重做,
Nothing left to undo,无内容可撤销,
Nothing to show,无数据,
Nothing to update,无需更新,
Notification,通知,
Notification Log,通知日志,
Notification Recipient,通知收件人,
Notification Settings,通知设置,
Notification Subscribed Document,订阅通知的文档,
Notification sent to,通知已发送至,
Notification: customer {0} has no Mobile number set,通知：客户{0}未设置手机号码,
Notification: document {0} has no {1} number set (field: {2}),通知：文档{0}未设置{1}号码（字段：{2}）,
Notification: user {0} has no Mobile number set,通知：用户{0}未设置手机号码,
Notifications,通知,
Notifications Disabled,通知已禁用,
Notifications and bulk mails will be sent from this outgoing server.,通知和批量邮件将通过此发件服务器发送,
Notify Users On Every Login,每次登录时通知用户,
Notify by Email,邮件通知,
Notify by email,通过邮件通知,
Notify if unreplied,未回复时通知,
Notify if unreplied for (in mins),未回复时间（分钟）,
Notify users with a popup when they log in,用户登录时显示弹窗通知,
Now,现在,
Number,数值,
Number Card,数字卡,
Number Card Link,数字卡链接,
Number Card Name,数字卡片名称,
Number Cards,数字卡片集,
Number Format,数字格式,
Number of Backups,备份数量,
Number of Groups,组数量,
Number of Queries,查询次数,
"Number of attachment fields are more than {}, limit updated to {}.",附件字段数超过{}，限制已更新为{}。,
Number of backups must be greater than zero.,备份数量必须大于零。,
Number of columns for a field in a Grid (Total Columns in a grid should be less than 11),网格字段列数（总列数应小于11）,
Number of columns for a field in a List View or a Grid (Total Columns should be less than 11),列表视图或网格字段列数（总列数应小于11）,
Number of days after which the document Web View link shared on email will be expired,邮件中共享的文档网页视图链接过期天数,
Number of keys,密钥数量,
Number of onsite backups,本地备份数量,
OAuth,OAuth,
OAuth Authorization Code,OAuth的授权码,
OAuth Bearer Token,OAuth的承载令牌,
OAuth Client,OAuth客户端,
OAuth Client ID,OAuth客户端ID,
OAuth Client Role,OAuth客户端角色,
OAuth Error,OAuth错误,
OAuth Provider Settings,OAuth的提供商设置,
OAuth Scope,OAuth权限范围,
OAuth Settings,OAuth设置,
"OAuth has been enabled but not authorised. Please use ""Authorise API Access"" button to do the same.","OAuth 已启用但未授权。请使用""Authorise API Access""按钮进行同样操作。",
OPTIONS,选项,
OR,或,
OTP App,OTP应用,
OTP Issuer Name,OTP发行方名称,
OTP SMS Template,OTP 短信模板,
OTP SMS Template must contain <code>{0}</code> placeholder to insert the OTP.,OTP 短信模板必须包含 <code>{0}</code> 占位符以插入 OTP。,
OTP Secret Reset - {0},OTP密钥重置 - {0},
OTP Secret has been reset. Re-registration will be required on next login.,OTP Secret已被重置。下次登录时需要重新注册。,
OTP placeholder should be defined as <code>{{ otp }}</code> ,OTP 占位符应定义为 <code>{{ otp }}</code>,
OTP setup using OTP App was not completed. Please contact Administrator.,使用OTP应用的OTP设置未完成。请联系管理员。,
Occurrences,发生次数,
Off,关闭,
Office,办公室,
Office 365,Office 365,
Official Documentation,官方文档,
Offset X,X轴偏移,
Offset Y,Y轴偏移,
Offset must be a non-negative integer,偏移量必须为非负整数,
Old Password,旧密码,
Old and new fieldnames are same.,新旧字段名相同。,
Older backups will be automatically deleted,旧备份将自动删除,
Oldest Unscheduled Job,最早未计划任务,
On Hold,暂停,
On Payment Authorization,支付授权时,
On Payment Charge Processed,支付扣款处理完成时,
On Payment Failed,支付失败时,
On Payment Mandate Acquisition Processed,支付授权获取处理完成时,
On Payment Mandate Charge Processed,支付授权扣款处理完成时,
On Payment Paid,支付完成时,
"On checking this option, URL will be treated like a jinja template string",勾选此项后，URL将被视为jinja模板字符串,
On or After,在或之后,
On or Before,在或之前,
"On {0}, {1} wrote:",{0}，{1}写道：,
Onboard,入职,
Onboarding Name,使用向导名,
Onboarding Permission,初始化权限,
Onboarding Status,入职状态,
Onboarding Step,初始化步骤,
Onboarding Step Map,初始化步骤对照表,
Onboarding complete,入职完成,
"Once submitted, submittable documents cannot be changed. They can only be Cancelled and Amended.",一旦提交后无法再修改。只能先取消再点修订按钮，生成新版本后修改。,
"Once you have set this, the users will only be able access documents (eg. Blog Post) where the link exists (eg. Blogger).",设置此选项，用户将只能访问包含了此链接的单据（如博客文章） 。,
One Last Step,最后一步,
One Time Password (OTP) Registration Code from {},来自{}的一次性密码（OTP）注册码,
One of,之一,
Only 200 inserts allowed in one request,只有200将允许一个请求,
Only Administrator can delete Email Queue,只有管理员可以删除邮件队列,
Only Administrator can edit,只有管理员可以编辑,
Only Administrator can save a standard report. Please rename and save.,只有管理员可以保存标准报表。请修改为新报表名后保存。,
Only Administrator is allowed to use Recorder,只允许管理员使用记录器,
Only Allow Edit For,仅允许编辑,
Only Custom Modules can be renamed.,只有自定义模块可以重命名。,
Only Options allowed for Data field are:,数据字段仅允许以下选项：,
Only Send Records Updated in Last X Hours,仅发送最近X小时更新的记录,
Only System Managers can make this file public.,只有系统管理员可以将此文件设为公开。,
Only Workspace Manager can edit public workspaces,仅工作区管理员可编辑公共工作区,
Only allow System Managers to upload public files,仅允许系统管理员上传公共文件,
Only allowed to export customizations in developer mode,仅开发者模式下允许导出自定义项,
Only draft documents can be discarded,仅草稿文档可丢弃,
Only for,仅适用于,
Only mandatory fields are necessary for new records. You can delete non-mandatory columns if you wish.,新记录中只有必填字段是必须的。可以删除非必填字段。,
Only one {0} can be set as primary.,仅可设置一个{0}为主项。,
Only reports of type Report Builder can be deleted,仅报表生成器类型的报告可删除,
Only reports of type Report Builder can be edited,仅报表生成器类型的报告可编辑,
Only standard DocTypes are allowed to be customized from Customize Form.,只允许从“定制表单”定制标准DocType。,
Only the Administrator can delete a standard DocType.,仅管理员可删除标准文档类型。,
Only the assignee can complete this to-do.,仅被分配者可完成此待办事项。,
Only {0} emailed reports are allowed per user.,每位用户仅允许通过邮件发送{0}份报告。,
Oops! Something went wrong.,糟糕！出错了。,
Open,进行中,
Open Awesomebar,打开Awesomebar,
Open Communication,打开沟通记录,
Open Document,打开文档,
Open Documents,打开文档,
Open Help,打开帮助,
Open Link,打开链接,
Open Reference Document,打开参考文档,
Open Settings,打开设置,
Open Source Applications for the Web,开源为Web应用程序,
Open Translation,打开翻译,
Open URL in a New Tab,在新标签页打开URL,
Open a dialog with mandatory fields to create a new record quickly. There must be at least one mandatory field to show in dialog.,打开含必填字段的对话框快速创建记录。对话框中需至少显示一个必填字段。,
Open a module or tool,打开一个模块或工具,
Open console,打开控制台,
Open in a new tab,在新标签页打开,
Open in new tab,在新标签页中打开,
Open reference document,打开引用文档,
Open your authentication app on your mobile phone.,在手机上打开授权认证应用程序。,
Open {0},打开 {0},
OpenID Configuration,OpenID配置,
OpenID Configuration fetched successfully!,OpenID配置获取成功！,
OpenLDAP,OpenLDAP,
Opened,已打开,
Operation,工序,
Operator must be one of {0},运算符必须是{0},
Operator {0} requires exactly 2 arguments (left and right operands),运算符 {0} 恰好需要 2 个参数（左操作数和右操作数）,
Optimize,优化,
Optimizing image...,正在优化图像...,
Option 1,选项1,
Option 2,选项2,
Option 3,选项3,
Option {0} for field {1} is not a child table,为字段{1}设置的选项{0}未被定义为是子表,
Optional: Always send to these ids. Each Email Address on a new row,可选：始终发送至这些ID。每行输入一个电子邮箱地址,
Optional: The alert will be sent if this expression is true,可选：当表达式为真时发送警报,
Options,选项,
Options 'Dynamic Link' type of field must point to another Link Field with options as 'DocType',选择“动态链接”类型的字段都必须指向另一个选项为'DocType“的链接字段,
Options Help,选项说明,
Options for Rating field can range from 3 to 10,评分字段选项范围3至10,
Options for select. Each option on a new line.,选择项。每行一个选项。,
Options for {0} must be set before setting the default value.,设置默认值前必须先设置{0}的选项。,
Options is required for field {0} of type {1},{1}类型字段{0}必须设置选项,
Options not set for link field {0},链接字段未设置选项{0},
Orange,橙色,
Order,排序,
Order By must be a string,排序依据必须为字符串,
Org History,组织沿革,
Org History Heading,组织沿革标题,
Orientation,方向,
Original,原始,
Original Value,原值,
Other,其他,
Outgoing,支出,
Outgoing (SMTP) Settings,发信(SMTP)设置,
Outgoing Emails (Last 7 days),出站邮件（最近7天）,
Outgoing Server,发件服务器,
Outgoing Settings,发信设置,
Outgoing email account not correct,发件人邮箱帐号不正确,
Outlook.com,Outlook.com,
Output,输出,
Overview,概况,
PATCH,补丁,
PDF,PDF,
PDF Generation in Progress,PDF文件生成中,
PDF Generator,PDF生成器,
PDF Page Height (in mm),PDF页面高度（毫米）,
PDF Page Size,PDF页面尺寸,
PDF Page Width (in mm),PDF页面宽度（毫米）,
PDF Settings,PDF设置,
PDF generation failed,PDF生成失败,
PDF generation failed because of broken image links,PDF生成，因为破碎的图像链接失败,
PDF generation may not work as expected.,PDF生成可能无法按预期工作。,
"PDF printing via ""Raw Print"" is not supported.","不支持通过 ""原始打印 ""进行 PDF 打印。",
PID,进程ID,
POP3 OAuth authentication failed for Email Account {0},邮箱账户 {0} 的 POP3 OAuth 认证失败,
POST,POST,
PUT,PUT,
Package,包,
Package Import,包导入,
Package Name,软件包名称,
Package Release,包发布,
Page,页面,
Page Break,分页,
Page Builder,页面构建器,
Page Building Blocks,页面构建块,
Page HTML,页面HTML,
Page Height (in mm),页高(毫米),
Page Margins,页面边距,
Page Name,页面名称,
Page Number,页码,
Page Route,页面路由,
Page Settings,页面设置,
Page Shortcuts,页面快速访问,
Page Size,纸张大小,
Page Title,页面标题,
Page Width (in mm),页宽(毫米),
Page has expired!,页已过期！,
Page height and width cannot be zero,页面高度和宽度不能为零,
Page not found,找不到网页,
"Page to show on the website
","在网站上显示的页面
",
Page {0} of {1},第 {0} 页，共 {1} 页,
Parameter,参数,
Parent,父,
Parent DocType,父文档类型,
Parent Document Type,父文档类型,
Parent Document Type is required to create a number card,创建数字卡片需要父文档类型,
Parent Element Selector,父元素选择器,
Parent Field,父字段,
Parent Field (Tree),父字段(树),
Parent Field must be a valid fieldname,父字段必须是有效字段名,
Parent Icon,父级图标,
Parent Label,父标签,
Parent Missing,父项缺失,
Parent Page,父页面,
Parent Table,父表,
Parent document type is required to create a dashboard chart,创建仪表板图表需要父文档类型,
Parent is the name of the document to which the data will get added to.,Parent是将数据添加到的单据的名称。,
Parent-to-child or child-to-different-child grouping is not allowed.,不允许父子层级或子级到不同子级的分组方式。,
Parentfield not specified in {0}: {1},{0}中未指定父字段：{1},
"Parenttype, Parent and Parentfield are required to insert a child record",插入子记录需要父类型、父项和父字段,
Partial,部分,
Partial Success,部分成功,
Partially Sent,部分发送,
Participants,参与者,
Pass,通过,
Passive,被动,
Password,密码,
Password Reset,密码重置,
Password Reset Link Generation Limit,密码重置链接生成限制,
Password cannot be filtered,密码不可被过滤,
Password changed successfully.,密码修改成功,
Password for Base DN,基础DN密码,
Password is required or select Awaiting Password,需要密码，或者选择等待密码,
Password is valid. 👍,密码有效。👍,
Password missing in Email Account,邮箱账户缺少密码,
Password not found for {0} {1} {2},未找到{0} {1} {2}的密码,
Password requirements not met,未满足密码要求,
Password set,密码已设置,
Password size exceeded the maximum allowed size,密码长度超过允许最大值,
Password size exceeded the maximum allowed size.,密码长度超过允许最大值,
Passwords do not match,密码不匹配,
Passwords do not match!,密码不匹配！,
Paste,粘贴,
Patch,补丁,
Patch Log,补丁日志,
Patch type {} not found in patches.txt,未在patches.txt中找到{}类型的补丁,
Path,网址路径,
Path to CA Certs File,CA证书文件路径,
Path to Server Certificate,服务器证书路径,
Path to private Key File,私钥文件路径,
Path {0} is not within module {1},路径 {0} 不在模块 {1} 内,
Path {0} it not a valid path,{0}不是有效路径,
Payload Count,有效载荷计数,
Peak Memory Usage,峰值内存使用,
Pending,进行中,
Pending Approval,待审批,
Pending Emails,待处理邮件,
Pending Jobs,待处理作业,
Pending Verification,待验证,
Percent,百分比,
Percentage,百分比,
Period,期间,
Perm Level,权限级别,
Permanent,永久,
Permanently Cancel {0}?,取消{0} ？,
Permanently Discard {0}?,永久丢弃{0}？,
Permanently Submit {0}?,正式提交{0}?,
Permanently delete {0}?,永久删除{0} ？,
Permission,权限,
Permission Error,权限错误,
Permission Inspector,权限调试工具,
Permission Level,权限级别,
Permission Levels,权限级别,
Permission Log,权限日志,
Permission Query,权限查询,
Permission Rules,权限规则,
Permission Type,权限类型,
Permission Type '{0}' is reserved. Please choose another name.,权限类型 '{0}' 是保留的。请选择其他名称。,
Permissions,权限,
Permissions Error,权限错误,
Permissions are automatically applied to Standard Reports and searches.,权限会自动应用于标准报表和搜索。,
"Permissions are set on Roles and Document Types (called DocTypes) by setting rights like Read, Write, Create, Delete, Submit, Cancel, Amend, Report, Import, Export, Print, Email and Set User Permissions.",权限设置基于用户角色和单据类型，可设置的权限包括读，写，创建，删除，提交，取消，修改，报表，导入，导出，打印，电子邮件和设置用户权限限制。,
Permissions at higher levels are Field Level permissions. All Fields have a Permission Level set against them and the rules defined at that permissions apply to the field. This is useful in case you want to hide or make certain field read-only for certain Roles.,更高级权限是字段级权限。可以为每个字段设置所需的权限等级，特定的角色被分配对应的权限等级，据此就可以用不同的角色限制不同的用户有不同的字段访问权限。,
"Permissions at level 0 are Document Level permissions, i.e. they are primary for access to the document.",0级权限是单据级的权限，也就是说，它们是主要用于访问文件。,
Permissions get applied on Users based on what Roles they are assigned.,权限检查基于已分派给用户的角色。,
Permitted Documents For User,用户被授权单据,
Permitted Roles,允许的角色,
Personal,个人,
Personal Data Deletion Request,个人数据删除请求,
Personal Data Deletion Step,个人数据删除步骤,
Personal Data Download Request,个人资料下载请求,
Phone,电话,
Phone No.,电话号码,
Phone Number {0} set in field {1} is not valid.,字段{1}中设置的电话号码{0}无效,
Pick Columns,选择报表输出字段,
Pie,饼图,
Pincode,邮编,
Pink,粉色,
Placeholder,占位符,
Plain Text,纯文本,
Plant,工厂,
Please Authorize OAuth for Email Account {0},请为邮箱账户{0}授权OAuth,
Please Authorize OAuth for Email Account {},请为邮箱账户{}授权OAuth,
Please Duplicate this Website Theme to customize.,请复制此网址主题定制。,
Please Install the ldap3 library via pip to use ldap functionality.,请通过pip安装ldap3库以使用ldap功能。,
Please Set Chart,请设置图表,
Please Update SMS Settings,请更新短信设置,
Please add a subject to your email,请在您的电子邮件中添加主题,
Please add a valid comment.,请添加有效评论,
Please adjust filters to include some data,请调整筛选器以包含一些数据,
Please ask your administrator to verify your sign-up,请联络管理员确认您的注册,
Please attach a file first.,请附上文件第一。,
Please attach an image file to set HTML for Footer.,请附加图像文件以设置页脚HTML,
Please attach an image file to set HTML for Letter Head.,请附加图像文件以设置信头HTML,
Please attach the package,请附加安装包,
Please check the filter values set for Dashboard Chart: {},请检查仪表板图表设置的过滤值：{},
"Please check the value of ""Fetch From"" set for field {0}",请检查为字段{0}设置的“提取自”的值,
Please check your email for verification,请在您的电子邮件中查看验证码,
Please check your email login credentials.,请检查邮箱登录凭证,
Please check your registered email address for instructions on how to proceed. Do not close this window as you will have to return to it.,请查看您注册的电子邮件以获取有关如何继续的说明。不要关闭此窗口，因为后面还得回到这里。,
Please click Edit on the Workspace for best results,请在工作区点击编辑以获得最佳效果,
"Please click on 'Export Errored Rows', fix the errors and import again.",请点击'导出错误行'，修正错误后重新导入,
Please click on the following link and follow the instructions on the page. {0},请点击以下链接并按页面指示操作。{0},
Please click on the following link to set your new password,请点击以下链接来设置新密码,
Please confirm your action to {0} this document.,确认 {0} 本单据。,
Please contact your system manager to install correct version.,请联系系统管理员安装正确版本,
Please create Card first,请先创建卡片,
Please create chart first,请先创建图表,
Please delete the field from {0} or add the required doctype.,请从{0}删除字段或添加所需文档类型,
Please do not change the template headings.,请不要更改模板标题。,
Please duplicate this to make changes,请复制后修改,
Please enable atleast one Social Login Key or LDAP or Login With Email Link before disabling username/password based login.,禁用用户名/密码登录前，请至少启用一个社交登录密钥/LDAP/邮件链接登录,
Please enable pop-ups,请启用弹出窗口,
Please enable pop-ups in your browser,请在浏览器中启用弹窗,
Please enable {} before continuing.,请先启用{}再继续,
Please ensure that your profile has an email address,请确保您的个人资料有一个电子邮件地址，,
Please enter Access Token URL,请输入访问令牌URL,
Please enter Authorize URL,请输入授权网址,
Please enter Base URL,请输入基本网址,
Please enter Client ID before social login is enabled,在启用社交登录之前，请输入客户端ID,
Please enter Client Secret before social login is enabled,在启用社交登录之前，请输入客户端密码,
Please enter OpenID Configuration URL,请输入OpenID配置URL,
Please enter Redirect URL,请输入重定向网址,
Please enter a valid email address.,请输入有效的电子邮件地址。,
Please enter both your email and message so that we can get back to you. Thanks!,请填写邮箱和留言以便回复，谢谢！,
Please enter the password,请输入密码,
Please enter valid mobile nos,请输入有效的手机号,
Please enter your new password.,请输入新密码,
Please enter your old password.,请输入旧密码,
Please find attached {0}: {1},附件为{0}: {1},
Please login to post a comment.,请登录后发表评论,
Please make sure the Reference Communication Docs are not circularly linked.,请确保参考通信单据未被递归引用。,
Please refresh to get the latest document.,请刷新获取最新数据。,
Please remove the printer mapping in Printer Settings and try again.,请在打印机设置中移除打印机映射后重试,
Please save before attaching.,请安装前保存。,
Please save the document before assignment,分派待办前请先保存单据,
Please save the document before removing assignment,请删除分派之前保存的单据,
Please save the form before previewing the message,请在预览消息之前保存表单,
Please save the report first,请先保存报表,
Please save to edit the template.,请保存后编辑模板,
Please select DocType first,请首先选择单据类型,
Please select Entity Type first,请先选择实体类型,
Please select Minimum Password Score,请选择最低密码分数,
Please select X and Y fields,请选择X和Y轴字段,
Please select a DocType in options before setting filters,在设置筛选器之前，请在选项中选择文档类型,
Please select a country code for field {1}.,请为字段{1}选择国家代码,
Please select a file first.,请先选择文件,
Please select a file or url,请选择一个文件或URL,
Please select a valid csv file with data,请选择与数据的有效csv文件,
Please select a valid date filter,请选择有效日期过滤器,
Please select applicable Doctypes,请选择单据类型,
Please select atleast 1 column from {0} to sort/group,请选择从{0}进行排序/组ATLEAST 1柱,
Please select prefix first,请先选择前缀,
Please select the Document Type.,请选择单据类型。,
Please select the LDAP Directory being used,请选择正在使用的LDAP目录,
Please select {0},请选择{0},
Please set Email Address,请设置电子邮件地址,
Please set a printer mapping for this print format in the Printer Settings,请在“打印机设置”中为此打印格式设置打印机映射,
Please set filters,请设置过滤条件,
Please set filters value in Report Filter table.,请设置在报表过滤表过滤条件值。,
Please set the document name,请设置文档名称,
Please set the following documents in this Dashboard as standard first.,请先将仪表板中的以下文档设为标准文档,
Please set the series to be used.,请设置要使用的单据编号模板。,
"Please setup SMS before setting it as an authentication method, via SMS Settings",请通过SMS设置将其设置为身份验证方式之前设置短信,
Please setup a message first,请先设置一条消息,
Please setup default outgoing Email Account from Settings > Email Account,请通过设置 > 邮箱账户配置默认发件账户,
Please setup default outgoing Email Account from Tools > Email Account,请通过工具 > 邮箱账户配置默认发件账户,
Please specify,请先输入,
Please specify a valid parent DocType for {0},请为{0}指定有效的父文档类型,
Please specify at least 10 minutes due to the trigger cadence of the scheduler,由于调度器的触发频率，请至少指定10分钟,
Please specify the field from which to attach files,请指定用于附加文件的字段,
Please specify the minutes offset,请指定分钟偏移量,
Please specify which date field must be checked,请指定必须检查的日期字段,
Please specify which datetime field must be checked,请指定需要检查的日期时间字段,
Please specify which value field must be checked,请指定必须检查的值字段,
Please try again,请再试一次,
Please update your security settings from desk.,请从桌面更新您的安全设置。,
Please update {} before continuing.,继续前请更新{},
Please use a valid LDAP search filter,请使用有效的LDAP搜索过滤器,
Please use following links to download file backup.,请使用以下链接下载文件备份。,
Please visit https://frappecloud.com/docs/sites/migrate-an-existing-site#encryption-key for more information.,更多信息请访问https://frappecloud.com/docs/sites/migrate-an-existing-site#encryption-key,
Policy,政策,
Policy URI,策略URI,
Polling,轮询,
Popover Element,弹出元素,
Popover or Modal Description,弹出框或模态框描述,
Port,端口,
Portal,门户,
Portal Menu,门户菜单,
Portal Menu Item,门户菜单项,
Portal Settings,门户网站设置,
Portrait,纵向,
Position,位置,
Post,帖子,
"Post it here, our mentors will help you out.",在此提交问题，我们的导师将为您解答,
Postal,邮政,
Postal Code,邮政编码,
Posting Timestamp,过账时间戳,
Precision,精度,
Precision ({0}) for {1} cannot be greater than its length ({2}).,{1}的精度（{0}）不能大于其长度（{2}）。,
Precision should be between 1 and 6,精度应为1和6之间,
Predictable substitutions like '@' instead of 'a' don't help very much.,可预见的替换像&#39;@&#39;而不是&#39;一&#39;不要太大帮助。,
Prefer not to say,不愿透露,
Preferred Billing Address,首选账单地址,
Preferred Language,首选语言,
Preferred Shipping Address,首选送货地址,
Prefix,前缀,
Prepared Report,后台运行报表,
Prepared Report Analytics,预制报表分析,
Prepared Report User,后台运行报表用户,
Prepared report render failed,预制报表渲染失败,
Preparing Report,准备报表,
Prepend the template to the email message,将模板内容追加到邮件正文(消息),
Press Alt Key to trigger additional shortcuts in Menu and Sidebar,按Alt键可在菜单和侧边栏中触发其他快速访问,
Press Enter to save,按Enter键保存,
Preview,预览,
Preview HTML,预览HTML,
Preview Message,预览消息,
Preview Mode,预览模式,
Preview of generated names,生成名称预览,
Preview on {0},在{0}上预览,
Preview type,预览类型,
Preview:,预览：,
Previous,上一个,
Previous Document,上一份文档,
Previous Submission,前次提交,
Primary,主要,
Primary Address,首选地址,
Primary Color,主色调,
Primary Contact,首选联系人,
Primary Email,主要邮箱,
Primary Mobile,主要手机,
Primary Phone,主要电话,
Primary key of doctype {0} can not be changed as there are existing values.,文档类型{0}的主键存在值，不可修改,
Print,打印,
Print Documents,打印单据,
Print Format,打印格式,
Print Format Builder,打印格式生成器,
Print Format Builder Beta,打印格式构建器测试版,
Print Format Error,打印格式错误,
Print Format Field Template,打印格式字段模板,
Print Format For,打印格式适用对象,
Print Format Help,打印格式帮助,
Print Format Type,打印格式类型,
Print Format not found,未找到打印格式,
Print Format {0} is disabled,打印格式{0}已禁用,
Print Heading,打印标题,
Print Hide,打印隐藏,
Print Hide If No Value,无值时打印隐藏,
Print Language,打印语言,
Print Sent to the printer!,已发送到打印机！,
Print Server,打印服务器,
Print Settings,打印设置,
Print Style,打印样式,
Print Style Name,打印样式名称,
Print Style Preview,打印样式预览,
Print UOM after Quantity,数量后打印计量单位,
Print Width,打印宽度,
"Print Width of the field, if the field is a column in a table",字段的打印宽度（当字段作为表格列时）,
Print document,打印单据,
Print taxes with zero amount,零税额也打印,
Print with letterhead,使用信头打印,
Printer,打印机,
Printer Mapping,打印机映射,
Printer Name,打印机名称,
Printer Settings,打印机设置,
Printer mapping not set.,未设置打印机映射,
Printing,打印,
Printing failed,打印失败,
Priority,优先级,
Private,当前帐号可见,
Private Files (MB),私有文件(MB),
Private Files Backup:,私有文件备份：,
ProTip: Add <code>Reference: {{ reference_doctype }} {{ reference_name }}</code> to send document reference,专业提示：添加<code>参考：{{ reference_doctype }} {{ reference_name }}</code>发送文档参考,
Proceed,继续,
Proceed Anyway,仍然继续,
Processing,处理,
Processing...,处理...,
Prof,教授,
Progress,进度,
Project,项目,
Property,属性,
Property Depends On,属性依赖,
Property Setter,属性设置,
Property Setter overrides a standard DocType or Field property,物业二传手覆盖标准的DocType或实地房产,
Property Type,属性类型,
Protect Attached Files,保护上传的附件（文件）,
Protected File,受保护文件,
"Provide a list of allowed file extensions for file uploads. Each line should contain one allowed file type. If unset, all file extensions are allowed. Example: <br>CSV<br>JPG<br>PNG",提供允许上传的文件扩展名列表。每行包含一个允许的文件类型。如未设置则允许所有文件类型。示例：<br>CSV<br>JPG<br>PNG,
Provider,供应商,
Provider Name,供应商名称,
Public,公开,
Public Files (MB),公开文件(MB),
Public Files Backup:,公共文件备份：,
Public Policy URL must start with https://,公开政策 URL 必须以 https:// 开头,
Publish,发布,
Published,已发布,
Publishing Dates,发布日期,
Pull Emails,拉取邮件,
Pull from Google Calendar,从谷歌日历拉取,
Pull from Google Contacts,从谷歌联系人拉取,
Pulled from Google Calendar,已从谷歌日历拉取,
Pulled from Google Contacts,已从谷歌联系人拉取,
Pulling emails...,正在拉取邮件...,
Purchase Manager,采购经理,
Purchase Master Manager,采购主数据管理员,
Purchase User,采购员,
Purple,紫色,
Push Notification Settings,推送通知设置,
Push to Google Calendar,推送至谷歌日历,
Push to Google Contacts,推送至谷歌联系人,
Put on Hold,暂停处理,
Python,Python,
QR Code,二维码,
QR Code for Login Verification,用于登录验证的QR码,
QZ Tray Failed:,QZ托盘失败:,
Quarterly,每季度,
Query,查询,
Query / Script,查询/脚本,
Query Options,查询选项,
Query Parameters,查询参数,
Query Report,查询报表,
Query analysis complete. Check suggested indexes.,查询分析完成，请检查建议索引,
Query must be of SELECT or read-only WITH type.,查询必须为SELECT或只读WITH类型,
Queue,队列,
Queue Overloaded,队列过载,
Queue Status,队列状态,
Queue Type(s),队列类型,
Queue in Background (BETA),后台队列（测试版）,
Queue should be one of {0},队列应该是{0},
Queue(s),队列,
Queued,已排队,
Queued At,排队时间,
Queued By,排队人,
Queued for Submission. You can track the progress over {0}.,已加入提交队列，可通过{0}跟踪进度,
Queued for backup. You will receive an email with the download link,排队备份。您将收到一封包含下载链接的电子邮件,
Queues,队列列表,
Queuing {0} for Submission,正在将{0}加入提交队列,
Quick Entry,快速录入,
Quick Help for Setting Permissions,权限设置的快速帮助,
Quick List Filter,快速列表过滤器,
Quick Lists,快速列表,
Quoting must be between 0 and 3,引用级别须在0至3之间,
RAW Information Log,原始信息日志,
RQ Job,RQ后台任务,
RQ Worker,RQ后台进程,
Random,随机,
Range,范围,
Rank,排名,
Rate Limiting,速率限制,
Rate limit for email link login,邮件链接登录的速率限制,
Rating,评分,
Raw Commands,原生命令,
Raw Email,原始邮件,
Raw HTML can be used only with Email Templates having 'Use HTML' checked. Proceeding with plain text email.,原始 HTML 只能用于勾选了“使用 HTML”的邮件模板。将使用纯文本邮件。,
"Raw HTML emails are rendered as complete Jinja templates. Otherwise, emails are wrapped in the standard.html email template, which inserts brand_logo, header and footer.",原始 HTML 邮件作为完整的 Jinja 模板渲染。否则，邮件将包装在 standard.html 邮件模板中，该模板插入 brand_logo 等。,
Raw Printing,原始打印,
Raw Printing Setting,原始打印设置,
Raw Printing Settings,原始打印设置,
Re-Run in Console,在控制台重新运行,
Re:,回覆：,
Re: {0},回复：{0},
Read,读,
Read Only,只读,
Read Only Depends On,只读依赖条件,
Read Only Depends On (JS),只读依赖条件（JS）,
Read Only Mode,只读模式,
Read by Recipient,收件人已读,
Read by Recipient On,收件人阅读时间,
Read mode,阅读模式,
Read the documentation to know more,查阅文档以了解更多,
Readme,自述文件,
Realtime (SocketIO),实时通信(SocketIO),
Reason,原因,
Rebuild,重新生成,
Rebuild Tree,重新生成树形结构,
Rebuilding of tree is not supported for {},不支持对{}进行树结构重建,
Received,已收货,
Received an invalid token type.,收到无效令牌类型,
Receiver By Document Field,按文档字段指定接收人,
Receiver By Role,按角色指定接收人,
Receiver Parameter,接收人参数,
Recent years are easy to guess.,近年来，很容易被猜到。,
Recents,最近,
Recipient,收件人,
Recipient Account Field,收件人账户字段,
Recipient Unsubscribed,收件人已退订,
Recipients,收件人列表,
Recorder,程序运行记录,
Recorder Query,执行记录器查询,
Recorder Suggested Index,记录器建议索引,
Records for following doctypes will be filtered,以下单据类型的记录将被过滤,
Recursive Fetch From,递归获取自,
Red,红色,
Redirect HTTP Status,重定向HTTP状态码,
Redirect To Path,重定向至路径,
Redirect URI,重定向URI,
Redirect URI Bound To Auth Code,绑定授权码的重定向URI,
Redirect URIs,重定向URI列表,
Redirect URL,重定向URL,
Redirect to the selected app after login,登录后自动跳转到默认应用,
Redirect to this URL after successful confirmation.,确认成功后重定向到此URL。,
Redirects,重定向,
Redis cache server not running. Please contact Administrator / Tech support,Redis缓存服务器无法运行。请联系管理员/技术支持,
Redo,恢复,
Redo last action,重做上一步操作,
Ref DocType,参考文档类型,
Referance Doctype and Dashboard Name both can't be used at the same time.,关联文档类型与仪表板名称不可同时使用,
Reference,参考,
Reference Date,参考日期,
Reference Datetime,参考日期时间,
Reference Doc,关联文档,
Reference DocName,参考文档名称,
Reference DocType,参考文档类型,
Reference DocType and Reference Name are required,请输入源单据类型和源单据,
Reference Docname,参考文档名称,
Reference Doctype,参考文档类型,
Reference Document,参考单据,
Reference Document Name,参考单据名称,
Reference Document Type,参考文档类型,
Reference Name,参考名称,
Reference Owner,参考所有者,
Reference Report,参考报告,
Reference Type,参考类型,
Reference name,参考名称,
Reference: {0} {1},参考：{0} {1},
Referrer,来源页,
Refresh,刷新,
Refresh All,全部刷新,
Refresh Google Sheet,刷新 Google 表格,
Refresh List,刷新列表,
Refresh Print Preview,刷新打印预览,
Refresh Token,刷新令牌,
Refreshing...,正在刷新...,
Registered but disabled,已注册但被禁用,
Rejected,拒绝,
Relay Server URL missing,缺少中继服务器URL,
Relay Settings,中继设置,
Release Notes,版本说明,
Relink,重新链接,
Relink Communication,重新链接沟通,
Relinked,已重新关联,
Reload,刷新,
Reload File,重新加载数据,
Reload List,重新加载列表,
Reload Report,重新加载报表,
Remember Last Selected Value,记住上次选择的值,
Remind At,提醒时间,
Remind Me,提醒我,
Remind Me In,提醒频率,
Reminder,提醒,
Reminder cannot be created in past.,无法创建过去的提醒,
Reminder set at {0},已设置在 {0} 时提醒,
Remove,移除,
Remove Failed Jobs,删除运行出错的任务,
Remove Field,删除字段,
Remove Filter,移除筛选器,
Remove Section,删除分区,
Remove all customizations?,删除所有定制？,
Remove all fields in the column,删除本栏全部字段,
Remove column,移除栏,
Remove field,删除字段,
Remove last column,删除最后一栏,
Remove page break,移除分页符,
Remove section,删除段,
Remove tab,移除标签页,
Removed,已移除,
Removed Icons,已移除的图标,
Rename,修改单据编号(名称),
Rename Fieldname,修改字段名,
Rename {0},修改{0}的单据编号,
"Renamed files and replaced code in controllers, please check!",已变更文件名并替换了控制器类中的代码，请检查！,
Render labels to the left and values to the right in this section,本部分标签左对齐，值右对齐,
Reopen,重新打开,
Repeat,重复,
Repeat Header and Footer,重复页眉页脚,
Repeat On,重复于,
Repeat Till,重复至,
Repeat on Day,按天重复,
Repeat on Days,按日重复,
Repeat on Last Day of the Month,在每月最后一天重复,
Repeat this Event,重复此事件,
"Repeats like ""aaa"" are easy to guess",像“AAA”重复很容易被猜到,
"Repeats like ""abcabcabc"" are only slightly harder to guess than ""abc""",重复像“ABCABCABC”只稍硬比“ABC”猜测,
Repeats {0},重复{0},
Replicate,复制,
Replicating...,正在复制...,
Replication completed.,复制完成,
Replied,已回复,
Reply,回复,
Reply All,全部回复,
Reply To Address,回复地址,
Reply To email is required,回复邮箱为必填项,
Reply-To Addresses,回复地址,
Report,报表,
Report Builder,报表生成器,
Report Column,报表列,
Report Description,报告描述,
Report Document Error,报表文档错误,
Report Filter,报表过滤器,
Report Filters,报表筛选器,
Report Hide,隐藏报告,
Report Information,报告信息,
Report Manager,报表管理,
Report Name,报表名称,
"Report Name, Report Field and Fucntion are required to create a number card",创建数字卡片需填写报表名称、字段和聚合函数,
Report Ref DocType,报表关联文档类型,
Report Reference Doctype,报告参考文档类型,
Report Type,报表类型,
Report View,报表视图,
Report bug,报告缺陷,
Report cannot be set for Single types,报表不能单类型设置,
"Report has no data, please modify the filters or change the Report Name",报表无数据，请调整过滤器或更换报表名称,
"Report has no numeric fields, please change the Report Name",报表无数字字段，请更换报表名称,
"Report initiated, click to view status",生成报表结果的后台任务已启动，点击查看任务状态,
Report limit reached,达到报表限制,
Report timed out.,报表超时,
Report updated successfully,报表已成功更新,
Report was not saved (there were errors),报表尚未保存（有错误）,
Report with more than 10 columns looks better in Landscape mode.,超过10列的报表更适合横向模式,
Report {0},报表{0},
Report {0} deleted,报表{0}已删除,
Report {0} is disabled,报表{0}无效,
Report {0} saved,报表{0}已保存,
Report:,报表：,
Reports,报表,
Reports & Masters,报表与主数据,
Reports already in Queue,报表已加入队列,
Represents a User in the system.,表示系统中一个用户。,
Represents the states allowed in one document and role assigned to change the state.,代表一个单据和角色分派给改变国家允许的状态。,
Request Body,请求体,
Request Data,请求数据,
Request Description,请求描述,
Request Headers,请求头,
Request ID,请求ID,
Request Limit,请求限制,
Request Method,请求方法,
Request Structure,请求结构,
Request Timed Out,请求超时,
Request Timeout,请求超时,
Request URL,请求URL,
Requested Numbers,请求号码,
Require Trusted Certificate,需要可信证书,
"Requires any valid fdn path. i.e. ou=groups,dc=example,dc=com","需要有效的FDN路径，例如：ou=groups,dc=example,dc=com",
"Requires any valid fdn path. i.e. ou=users,dc=example,dc=com","需要有效的FDN路径，例如：ou=users,dc=example,dc=com",
Res: {0},分辨率：{0},
Reset,重置,
Reset All,全部重置,
Reset All Customizations,恢复标准设置,
Reset Changes,放弃修改,
Reset Chart,重置图表,
Reset Dashboard Customizations,重置仪表板自定义,
Reset Fields,重置字段,
Reset LDAP Password,重置LDAP密码,
Reset Layout,重置,
Reset OTP Secret,重置一次性密码,
Reset Password,重设密码,
Reset Password Key,密码重置密钥,
Reset Password Link Expiry Duration,密码重置链接有效期,
Reset Password Template,密码重置模板,
Reset Permissions for {0}?,重置权限{0} ？,
Reset To Default,重置为默认,
Reset sorting,重置排序,
Reset to default,恢复默认设置,
Reset to defaults,重置为默认值,
Reset your password,重置密码,
Resource,资源,
Resource Documentation,资源文档,
Resource Name,资源名称,
Resource Policy URI,资源策略URI,
Resource TOS URI,资源服务条款URI,
Response,响应,
Response Headers,响应标头,
Response Type,响应类型,
Rest of the day,今日剩余时间,
Restore,恢复,
Restore Original Permissions,恢复原权限,
Restore to default settings?,恢复到默认设置？,
Restored,已恢复,
Restoring Deleted Document,正在恢复已删除文档,
Restrict IP,限制IP,
Restrict Removal,限制移除,
Restrict To Domain,限制域名,
Restrict to Domain,限制域名,
Restrict user from this IP address only. Multiple IP addresses can be added by separating with commas. Also accepts partial IP addresses like (111.111.111),仅允许此IP地址访问，多个IP地址用逗号分隔。支持部分IP地址如(111.111.111),
Result,结果,
Resume Sending,重新发送,
Retry,重试,
Retry Sending,重新发送,
Return to the Verification screen and enter the code displayed by your authentication app,返回验证屏幕，并输入您的身份验证应用程序显示的代码,
Reverting length to {0} for '{1}' in '{2}'. Setting the length as {3} will cause truncation of data.,正在将'{2}'中'{1}'的长度恢复为{0}。设置为{3}将导致数据截断。,
Review Points,评审积分,
Revocation URI,撤销URI,
Revoke,撤销,
Revoked,已撤销,
Rich Text,富文本,
Right,右对齐,
Right Bottom,右下,
Right Center,右中,
Robots.txt,Robots.txt文件,
Role,角色,
Role 'All' will be given to all system + website users.,'所有'角色将赋予所有系统和网站用户。,
Role 'Desk User' will be given to all system users.,'工作台用户'角色将赋予所有系统用户。,
Role Name,角色名称,
Role Permission for Page and Report,网页和报表角色权限,
Role Permissions,角色权限,
Role Permissions Manager,角色权限管理,
Role Profile,岗位,
Role Profiles,角色配置文件,
Role Replication,角色复制,
Role and Level,角色与级别,
Role has been set as per the user type {0},已根据用户类型{0}设置角色,
Roles,角色,
Roles & Permissions,角色与权限,
Roles Assigned,已分配角色,
Roles HTML,角色HTML,
Roles Html,角色HTML,
Roles can be set for users from their User page.,可以在用户主数据页面为用户分派角色。,
Root {0} cannot be deleted,根{0}无法删除,
Round Robin,轮循,
Rounding Method,舍入方法,
Route,路由,
Route History,网址路径浏览历史,
Route Options,路由选项,
Route Redirects,路由重定向,
"Route: Example ""/desk""","路由：例如 ""/desk""",
Row,行,
Row #,行＃,
Row # {0}: Non administrator user can not set the role {1} to the custom doctype,行号{0}：非管理员用户无法为自定义文档类型设置角色{1},
Row #{0}:,行＃{0}：,
Row #{}: Fieldname is required,行号{}：字段名必填,
Row Format,行格式,
Row Indexes,行索引,
Row Name,行名称,
Row Number,行号,
Row Values Changed,明细表变更,
Row {0},第 {0} 行,
Row {0}: Not allowed to disable Mandatory for standard fields,第{0}行：不允许更改系统标准字段的必填属性,
Row {0}: Not allowed to enable Allow on Submit for standard fields,行{0}：不允许启用允许对提交的标准字段,
Rows Added,新增行,
Rows Removed,已删除行,
Rows Threshold for Grid Search,网格搜索行数阈值,
Rule,规则,
Rule Conditions,规则条件,
"Rule for this doctype, role, permlevel and if-owner combination already exists.",该文档类型、角色、权限层级和所有者条件的组合规则已存在。,
Rules defining transition of state in the workflow.,定义工作流状态转换的规则。,
"Rules for how states are transitions, like next state and which role is allowed to change state etc.",定义状态转换的规则，如下一状态及允许变更状态的角色等。,
Rules with higher priority number will be applied first.,优先级数值高的规则将优先应用。,
Run Jobs only Daily if Inactive For (Days),若超过（天）未活动则仅每日运行作业,
Run scheduled jobs only if checked,仅在勾选时运行计划作业,
Runtime in Minutes,运行时间（分钟）,
Runtime in Seconds,运行时间（秒）,
SMS,短信,
SMS Gateway URL,短信网关URL,
SMS Log,短信日志,
SMS Parameter,短信参数,
SMS Settings,短信设置,
SMS sent successfully,短信发送成功,
SMS was not sent. Please contact Administrator.,短信未发送，请联系管理员。,
SMTP Server is required,需要SMTP服务器,
SQL,SQL,
"SQL Conditions. Example: {""status"" : ""open"", ""priority"" : ""medium""}","SQL 条件。例如：{""status"" : ""open"", ""priority"" : ""medium""}",
SQL Explain,SQL解析,
SQL Output,SQL输出,
SQL Queries,SQL查询,
SQL functions are not allowed as strings in SELECT: {0}. Use dict syntax like {{'COUNT': '*'}} instead.,SELECT 中不允许将 SQL 函数作为字符串：{0}。请使用字典语法，如 {{'COUNT': '*'}}。,
SSL/TLS Mode,SSL/TLS模式,
SUCCESS,成功,
"SUCCESS,FAILURE","成功,失败",
"SUCCESS,FAILURE,DELAY","成功,失败,延迟",
SWATCHES,色板,
Sales Manager,销售经理,
Sales Master Manager,销售主数据管理员,
Sales User,销售员,
"Sales without complexity, lock-in and per-user costs. Try it for free!",无复杂性、无锁定、无按用户收费的销售管理。免费试用！,
Salesforce,Salesforce,
Salutation,称谓,
Same Field is entered more than once,相同字段不止一次输入,
Sample,样本,
Saturday,星期六,
Save,保存,
Save Anyway,仍然保存,
Save As,另存为,
Save Customizations,保存自定义,
Save Report,保存报表,
Save filters,保存过滤条件,
Save on Completion,完成后保存,
Save the document.,保存文档。,
Saved,已保存,
Saved Filters,已保存的筛选器,
Saving,保存,Freeze message while saving a document
Saving Changes...,正在保存更改...,
Saving Customization...,正在保存自定义...,
Saving Sidebar,正在保存侧边栏,
Saving this will export this document as well as the steps linked here as json.,保存将导出此文档及其关联步骤为JSON格式。,
Saving...,保存...,
Scan,扫描,
Scan QRCode,扫描二维码,
Scan the QR Code and enter the resulting code displayed.,扫描QR码并输入显示的结果代码。,
Schedule,排程,
Schedule Send At,定时发送,
Scheduled,已排程,
Scheduled Against,计划关联对象,
Scheduled Job,计划作业,
Scheduled Job Log,后台任务运行日志,
Scheduled Job Type,已排程后台任务,
Scheduled execution for script {0} has updated,脚本{0}的计划执行已更新,
Scheduled to send,计划送,
Scheduler,调度器,
Scheduler Event,计划任务事件,
Scheduler Inactive,调度器未激活,
Scheduler Status,调度器状态,
Scheduler can not be re-enabled when maintenance mode is active.,维护模式激活时无法重新启用调度器。,
Scheduler is inactive. Cannot import data.,调度器未激活。无法导入数据。,
Scheduler: Active,后台任务:运行中,
Scheduler: Inactive,后台任务:未运行,
Scope,作用域,
Scopes,作用域列表,
Scopes Supported,支持的作用域,
Script,脚本,
Script Manager,脚本管理员,
Script Report,脚本报表,
Script Type,脚本类型,
Script to attach to all web pages.,插入到所有网页的脚本,
Scripting,脚本,
Scripting / Style,脚本/样式,
Scripts,脚本集,
Search,搜索,
Search Bar,搜索栏,
Search Fields,搜索字段,
Search Help,搜索帮助,
Search Priorities,搜索优先级,
Search Results,搜索结果,
Search by filename or extension,按文件名或后缀搜索,
Search field {0} is not valid,搜索字段{0}无效,
Search fields,搜索字段,
Search fieldtypes...,搜索字段类型,
Search for anything,搜索任何内容,
Search for countries...,搜索国家...,
Search for icons...,搜索图标...,
Search for {0},搜索{0},
Search in a document type,在单据类型中搜索,
Search or type a command,搜索或输入命令,
Search properties...,搜索属性,
Search results for,搜索...,
Search the docs (Press / to focus),搜索文档（按 / 聚焦）,
Search...,搜索...,
Searching ...,搜索中...,
Section,区段,
Section Break,分节,
Section Heading,节标题,
Section ID,章节ID,
Section Title,节标题,
Section must have at least one column,段至少须包括一栏,
Security Alert: Your account is being impersonated,安全警报：您的账户正在被模拟,
Security Alert: Your password has been changed.,安全警报：您的密码已被更改。,
Security Error: The Path provided is not safe.,安全错误：提供的路径不安全。,
Security Settings,安全设置,
Security Settings Contact,安全设置联系方式,
Security Settings Language,安全设置语言,
Security.txt,Security.txt,
Security.txt will be served only under HTTPS.,Security.txt 仅在 HTTPS 下提供服务。,
Security.txt will expire soon!,Security.txt 即将过期！,
See all Activity,查看所有活动,
See on Website,在门户网站查看,
See the document at {0},请参阅{0}处的单据,
Seen,已查看,
Seen By,查看者,
Seen By Table,查看记录表,
Select,单选,
Select All,全选,
Select Attachments,选择附件,
Select Child Table,选择子表,
Select Column,选择列,
Select Columns,选择列,
Select Country,选择国家,
Select Currency,选择货币,
Select Dashboard,选择仪表板,
Select Date Range,选择日期范围,
Select DocType,选择单据类型,
Select Doctype,选择文档类型,
Select Document Type,选择单据类型,
Select Document Type or Role to start.,请选择单据类型或角色。,
Select Document Types to set which User Permissions are used to limit access.,选择用户权限限制单据类型。,
Select Field,选择字段,
Select Field...,选择字段,
Select Fields,选择字段,
Select Fields (Up to {0}),选择字段（最多{0}个）,
Select Fields To Insert,选择字段,
Select Fields To Update,选择要更新的字段,
Select Filters,选择过滤条件,
Select Google Calendar to which event should be synced.,选择要同步事件的Google日历。,
Select Google Contacts to which contact should be synced.,选择要同步联系人的Google联系人。,
Select Group By...,选择分组字段,
Select Kanban,选择看板,
Select Language,选择语言,
Select List View,选择列表视图,
Select Mandatory,选择必填字段,
Select Module,选择模块,
Select Network Printer,选择网络打印机,
Select Page,选择页面,
Select Print Format,选择打印格式,
Select Print Format to Edit,选择要编辑的打印格式,
Select Report,选择报表,
Select Table Columns for {0},选择{0}的列,
Select Time Zone,选择时区,
Select Transaction,选择事务,
Select Workflow,选择工作流,
Select Workspace,选择工作区,
Select a Brand Image first.,首先选择一个品牌形象。,
Select a DocType to make a new format,请选择单据类型 创建新打印格式,
Select a field to edit its properties.,选择字段在此编辑属性,
Select a group {0} first.,请先选择{0}组。,
Select a valid Sender Field for creating documents from Email,选择有效的发件人字段以从邮件创建文档,
Select a valid Subject field for creating documents from Email,选择有效的主旨字段以从邮件创建文档,
Select an Image,选择图片,
Select an existing format to edit or start a new format.,选择现有或创建一个新格式。,
Select an image of approx width 150px with a transparent background for best results.,建议选择约150px宽且背景透明的图片以获得最佳效果,
Select atleast 1 record for printing,选择打印ATLEAST 1项纪录,
Select atleast 2 actions,选择至少2个操作,
Select or drag across time slots to create a new event.,选择或拖动一个时间范围，创建新事件。,
Select records for assignment,选择待分派记录,
Select records for removing assignment,选择要移除分配的记录,
Select the label after which you want to insert new field.,选择要插入新字段的标签位置,
Select two versions to view the diff.,选择两个版本比较差异,
Select which delivery events should trigger a delivery status notification (DSN) from the SMTP server.,选择哪些投递事件应触发 SMTP 服务器的送达状态通知（DSN）。,
Select {0},选择{0},
Self approval is not allowed,不允许申请者自己批准,
Send,发送,Send Email
Send <b>at the earliest</b> this number of minutes before or after the reference datetime. The actual sending may be delayed by up to 5 minutes due to the scheduler's trigger cadence.,最早在参考时间的前后该分钟数发送。实际发送可能因调度器触发周期延迟最多5分钟。,
Send After,发送时间,
Send Alert On,触发警报时间,
Send As Raw HTML,以原始 HTML 发送,
Send Email Alert,发送邮件提醒,
Send Email On State,在状态变更时发送邮件,
Send Email Print Attachments as PDF (Recommended),以PDF格式发送邮件打印附件（推荐）,
Send Email To Creator,发邮件给单据创建者,
Send Me A Copy of Outgoing Emails,发送外发邮件副本至本人,
Send Notification to,发送通知至,
Send Notifications For Documents Followed By Me,发送我关注的文档通知,
Send Notifications For Email Threads,发送邮件主题通知,
Send Now,立即发送,
Send Print as PDF,以PDF格式发送打印件,
Send Read Receipt,发送阅读回执,
Send System Notification,发送系统通知,
Send System Notifications,发送系统通知,
Send To All Assignees,发送给所有分配人,
Send Welcome Email,发送欢迎邮件,
Send alert if date matches this field's value,当日期与该字段值匹配时发送警报,
Send alert if datetime matches this field's value,当日期时间匹配此字段值时发送提醒,
Send alert if this field's value changes,当该字段值变化时发送警报,
Send an email reminder in the morning,早上发送邮件提醒,
Send days before or after the reference date,参考日期前后发送天数,
Send email when document transitions to the state.,当文档转换到该状态时发送邮件。,
Send enquiries to this email address,发送查询至该邮箱地址,
Send login link,发送登录链接,
Send me a copy,抄送给自己,
Send only if there is any data,仅在有数据时发送,
Send unsubscribe message in email,在邮件中包含退订信息,
Sender,发件人,
Sender Email,发件人邮箱,
Sender Email Field,发件人邮箱字段,
Sender Field should have Email in options,发件人字段选项中应包含邮箱,
Sender Name,发件人名称,
Sender Name Field,发件人名称字段,
Sendgrid,Sendgrid服务,
Sending,发送中,
Sent,已发送,
Sent Folder Name,已发送文件夹名称,
Sent On,发送日期,
Sent Read Receipt,已发送已读回执,
Sent To,发给,
Sent or Received,发送或接收,
Sent/Received Email,发送/接收邮件,
Separator,分隔符,
Sequence Id,工序顺序号,
Series List for this Transaction,本事务的序列列表,
Series Updated for {},单据类型 {} 的编号模板已更新,
Series counter for {} updated to {} successfully,{}的序列计数器成功更新至{},
Series {0} already used in {1},单据编号模板{0}已经被{1}使用,
Server Action,服务器动作,
Server Error,服务器错误,
Server IP,服务器IP,
Server Script,Python脚本,
Server Scripts are disabled. Please enable server scripts from bench configuration.,服务器(python)脚本已禁用，可通过后台bench命令 bench set-config -g server_script_enabled 1 启用,
Server Scripts feature is not available on this site.,此站点未启用服务器脚本功能,
Server error during upload. The file might be corrupted.,上传期间服务器出错。文件可能已损坏。,
Server failed to process this request because of a concurrent conflicting request. Please try again.,因并发请求冲突，服务器未能处理本请求。请稍后重试。,
Server was too busy to process this request. Please try again.,服务器繁忙，请稍后重试,
Service,服务,
Session Created,会话已创建,
Session Default,会话默认值,
Session Default Settings,会话默认设置,
Session Defaults,会话默认值,
Session Defaults Saved,会话默认值已保存,
Session Expired,会话已过期,
Session Expiry (idle timeout),会话过期时间(闲置超时),
Session Expiry must be in format {0},会话到期格式必须是{0},
Sessions,会话,
Set,设置,
Set Banner from Image,从图片设置横幅,
Set Chart,设置图表,
"Set Default Options for all charts on this Dashboard (Ex: ""colors"": [""#d1d8dd"", ""#ff5858""])","设置此仪表板所有图表的默认选项（示例：""颜色"": [""#d1d8dd"", ""#ff5858""]）",
Set Dynamic Filters,设置动态过滤器,
Set Filters,设置过滤条件,
Set Filters for {0},为{0}设置过滤器,
Set Level,设置层级,
Set Limit,设置限制,
Set Naming Series options on your transactions.,设置事务的命名序列选项,
Set New Password,设置新密码,
Set Number of Backups,设置备份数量,
Set Password,设置密码,
Set Permissions,设置权限,
Set Properties,设置属性,
Set Property After Alert,警报后设置属性,
Set Quantity,设置数量,
Set Role For,设置角色于,
Set User Permissions,设置用户权限限制,
Set Value,设置值,
Set all private,设为私有,
Set all public,设为公共,
Set as Default,设置为默认值,
Set as Default Theme,设为默认主题,
Set by user,用户设置,
Set dynamic filter values in JavaScript for the required fields here.,在此处用JavaScript为必填字段设置动态过滤值,
Set non-standard precision for a Float or Currency field,为浮点或货币字段设置非标准精度,
"Set non-standard precision for a Float, Currency or Percent field",为浮点、货币或百分比字段设置非标准精度,
Set only once,仅设置一次,
Set size in MB,设置大小（MB）,
"Set the filters here. For example:
<pre class=""small text-muted""><code>
[{
	fieldname: ""company"",
	label: __(""Company""),
	fieldtype: ""Link"",
	options: ""Company"",
	default: frappe.defaults.get_user_default(""Company""),
	reqd: 1
},
{
	fieldname: ""account"",
	label: __(""Account""),
	fieldtype: ""Link"",
	options: ""Account"",
	reqd: 1
}]
</code></pre>","在此设置筛选器，示例：
<pre class=""small text-muted""><code>
[{
	fieldname: ""company"",
	label: __(""Company""),
	fieldtype: ""公司"",
	options: ""Company"",
	default: frappe.defaults.get_user_default(""Company""),
	reqd: 1
},
{
	fieldname: ""account"",
	label: __(""账户""),
	fieldtype: ""Link"",
	options: ""Account"",
	reqd：1
}]
</code></pre>",
"Set the path to a whitelisted function that will return the data for the number card in the format:

<pre class=""small text-muted""><code>
{
	""value"": value,
	""fieldtype"": ""Currency"",
	""route_options"": {""from_date"": ""2023-05-23""},
	""route"": [""query-report"", ""Permitted Documents For User""]
}</code></pre>","设置白名单函数路径，该函数应返回如下格式的数字卡片数据：

<pre class=""small text-muted""><code>
{
	""value"": value,
	""fieldtype"": ""货币"",
	""route_options"": {""from_date"": ""2023-05-23""},
	""route"": [""query-report"", ""用户可访问文档""]
}</code></pre>",
Setting,设置,
Setting this Address Template as default as there is no other default,将此地址模板设置为默认，因为没有其他的默认项,
Setting up Global Search documents.,设置全局搜索单据,
Setting up your system,设置您的系统,
Settings,设置,
Settings Dropdown,设置下拉菜单,
Settings for Contact Us Page,联系我们页面的设置,
Settings for the About Us Page,关于我们页面的设置,
Setup,设置,
Setup > Customize Form,设置 > 自定义表单,
Setup > User,设置 > 用户,
Setup > User Permissions,设置 > 用户权限,
Setup Auto Email,设置电子邮件自动发送,
Setup Complete,安装完成,
Setup Series for transactions,设置事务序列,
Setup failed,始始化失败,
Share,分享,
Share With,分享,
Share this document with,分享给,
Share {0} with,分享给{0},
Shared,已共享,
Shared with the following Users with Read access:{0},单据分享(读权限）给了以下用户：{0},
Shipping,运输,
Shipping Address,收货地址,
Shop,商店,
Short keyboard patterns are easy to guess,短键盘模式容易被猜中,
Shortcuts,快捷方式,
Show,显示,
Show Absolute Datetime in Timeline,在时间轴中显示绝对日期时间,
Show Absolute Values,显示绝对值,
Show All,显示全部,
Show Arrow,显示箭头,
Show Auth Server Metadata,显示认证服务器元数据,
Show Calendar,显示日历,
Show Currency Symbol on Right Side,货币符号显示在右侧,
Show Dashboard,显示数据面板,
Show Description on Click,点击时显示描述,
Show Document,显示文档,
Show Error,显示错误,
Show External Link Warning,显示外部链接警告,
Show Fieldname (click to copy on clipboard),显示字段名（点击复制到剪贴板）,
Show First Document Tour,显示首次文档导览,
Show Form Tour,显示表单导览,
Show Full Error and Allow Reporting of Issues to the Developer,显示完整错误并允许向开发者报告问题,
Show Full Form?,显示完整表单？,
Show Full Number,显示完整数字,
Show Keyboard Shortcuts,显示键盘快捷键,
Show Labels,显示标签,
Show Language Picker,显示语言选择器,
Show Line Breaks after Sections,章节后显示换行符,
Show Links,显示链接,
Show More Activity,显示更多活动,
Show Only Failed Logs,仅显示失败日志,
Show Percentage Stats,显示百分比统计,
Show Permissions,显示权限,
Show Preview,显示预览,
Show Preview Popup,显示预览弹窗,
Show Processlist,显示进程列表,
Show Protected Resource Metadata,显示受保护资源元数据,
Show Related Errors,显示同类错误,
Show Report,显示报表,
Show Section Headings,显示章节标题,
Show Sidebar,显示侧边栏,
Show Social Login Key as Authorization Server,将社交登录密钥显示为授权服务器,
Show Tags,显示标签,
Show Title,显示标题,
Show Title in Link Fields,在链接字段显示标题,
Show Totals,显示总计,
Show Tour,显示引导,
Show Traceback,显示追踪信息,
Show Values over Chart,在图表上显示数值,
Show Warnings,显示警告信息,
Show Weekends,显示周末,
Show account deletion link in My Account page,在'我的账户'页面显示账户删除链接,
Show all Versions,显示所有版本,
Show all activity,显示全部日志,
Show as cc,显示为抄送,
Show attachments,显示附件,
Show footer on login,登录页显示页脚,
Show full form instead of a quick entry modal,显示完整表单而非快速输入模态框,
Show in Module Section,在模块部分显示,
Show in Resource Metadata,在资源元数据中显示,
Show in filter,在筛选器中显示,
Show link to document,显示文档链接,
Show list,显示列表,
Show more details,显示更多详情,
Show on Timeline,在时间轴显示,
Show percentage difference according to this time interval,按此时间间隔显示百分比差异,
Show sidebar,显示侧边栏,
"Show title in browser window as ""Prefix - title""","在浏览器窗口显示标题为""前缀 - 标题""",
Show {0} List,查看 {0} 清单,
Showing only Numeric fields from Report,仅显示来自报表的数字字段,
Showing only first {0} rows out of {1},仅显示前{0}行（共{1}行）,
Sidebar,侧边栏,
Sidebar Item Group,侧边栏项目组,
Sidebar Item Group Link,侧边栏项目组链接,
Sidebar Items,侧边栏项目,
Sidebar Settings,侧边栏设置,
Sidebar and Comments,侧边栏与评论,
Sign Out,退出登录,
Sign Up and Confirmation,注册与确认,
Sign Up is disabled,禁止注册,
Sign up,注册,
Sign ups,注册用户,
Signature,签名,
Signup Disabled,注册已禁用,
Signups have been disabled for this website.,此网站已禁用注册功能,
"Simple Python Expression, Example: <code class=""language-python"">status == ""Invalid""</code>","简单Python表达式，示例：<code class=""language-python"">status == ""Invalid"" 状态 == ""无效""</code>",
"Simple Python Expression, Example: <code class=""language-python"">status == 'Open' and issue_type == 'Bug'</code>","简单Python表达式，示例：<code class=""language-python"">status == 'Open' and issue_type == 'Bug' 状态 == 'Open' 和问题类型 == 'Bug'</code>",
"Simple Python Expression, Example: <code class=""language-python"">status in (""Closed"", ""Cancelled"")</code>","简单Python表达式，示例： <code class=""language-python"">状态 (""已关闭"", ""已取消"")</code>",
Simultaneous Sessions,并发会话数,
Single DocTypes cannot be customized.,不支持定制单笔记录单据类型,
Single Types have only one record no tables associated. Values are stored in tabSingles,单笔记录单据类型只有一条记录，适用于存储系统或模块配置信息，没有独立的后台数据库表。所有单笔记录类型的数据被统一保存在名为tabSingles后台数据库表内。,
Site,站点,
"Site is running in read only mode for maintenance or site update, this action can not be performed right now. Please try again later.",站点处于维护或更新的只读模式，当前操作不可执行，请稍后重试,
Size,大小,
Size (MB),大小（MB）,
Size exceeds the maximum allowed file size.,大小超过了最大允许的文件大小。,
Skip,跳过,
Skip All,全部跳过,
Skip Authorization,跳过授权,
Skip Step,跳过步骤,
Skipped,已跳过,
Skipping Duplicate Column {0},跳过重复列{0},
Skipping Untitled Column,跳过未命名列,
Skipping column {0},跳过列{0},
Skipping fixture syncing for doctype {0} from file {1},跳过从文件{1}同步文档类型{0}的夹具,
"Skipping {0} of {1}, {2}",跳过 {0}/{1}，{2},
Skype,Skype,
Slack,Slack,
Slack Channel,Slack频道,
Slack Webhook Error,Slack Webhook错误,
Slack Webhook URL,Slack Webhook网址,
Slideshow,幻灯片,
Slideshow Items,幻灯片项目,
Slideshow Name,幻灯片名称,
Slideshow like display for the website,像幻灯片那样显示，用于网站。,
Slug,Slug,
Small Text,小文本,
Smallest Currency Fraction Value,最小货币分位值,
Smallest circulating fraction unit (coin). For e.g. 1 cent for USD and it should be entered as 0.01,最小流通分位单位（辅币），例如美元的1分应输入为0.01,
Snippet and more variables:  {0},代码段及更多变量：{0},
Social Link Settings,社交链接设置,
Social Link Type,社交链接类型,
Social Login Key,社交登录密钥,
Social Login Provider,社交登录提供商,
Social Logins,社交登录,
SocketIO Ping Check,SocketIO心跳检测,
SocketIO Transport Mode,SocketIO传输模式,
Soft-Bounced,软退信,
Software ID,软件ID,
Software Version,软件版本,
Solid,实心,
Some columns might get cut off when printing to PDF. Try to keep number of columns under 10.,打印为PDF时部分列可能被截断，建议列数不超过10列,
"Some mailboxes require a different Sent Folder Name e.g. ""INBOX.Sent""",某些邮箱需要不同的发送文件夹名称，例如“INBOX.Sent”,
Some of the features might not work in your browser. Please update your browser to the latest version.,您的浏览器中的某些功能可能无法正常工作。请将您的浏览器更新到最新版本。,
Something went wrong,出了些问题,
Something went wrong during the token generation. Click on {0} to generate a new one.,在令牌生成期间出了点问题。单击{0}以生成新的。,
Something went wrong.,出现错误,
Sorry! I could not find what you were looking for.,抱歉，无法找你要的信息。,
Sorry! You are not permitted to view this page.,抱歉，你不允许查看此页面。,
Sort Ascending,升序,
Sort Descending,倒序,
Sort Field,排序字段,
Sort Options,排序选项,
Sort Order,排序顺序,
Sort field {0} must be a valid fieldname,排序字段{0}必须是有效的字段名,
Source,来源,
Source Code,源代码,
Source Name,源名称,
Source Text,源文本,
Spacer,间距,
Spam,垃圾邮件,
SparkPost,SparkPost服务,
Spawns actions in a background job,在后台任务中生成操作,
Special Characters are not allowed,不能使用特殊字符,
"Special Characters except '-', '#', '.', '/', '{{' and '}}' not allowed in naming series {0}",命名序列{0}中不允许使用除'-'、'#'、'.'、'/'、'{{'和'}}'外的特殊字符,
"Specify a custom timeout, default timeout is 1500 seconds",指定自定义超时时间，默认超时1500秒,
"Specify the domains or origins that are permitted to embed this form. Enter one domain per line (e.g., https://example.com). If no domains are specified, the form can only be embedded on the same origin.",指定允许嵌入此表单的域名或源。每行输入一个域名（如https://example.com）。若未指定，则表单仅允许同源嵌入,
Splash Image,启动画面图片,
Sr,序号,
Sr No.,序号,
Stack Trace,调用栈,
Standard,标准,
Standard DocType can not be deleted.,标准文档类型不可删除,
"Standard DocType cannot have default print format, use Customize Form",不能为标准DocType设置默认打印格式，请使用定制表单功能,
Standard Not Set,未设置标准,
Standard Permissions,标准权限,
Standard Print Format cannot be updated,不能更新标准打印格式,
Standard Print Style cannot be changed. Please duplicate to edit.,标准打印样式无法更改。请重复编辑。,
Standard Reports cannot be deleted,标准报表不可删除,
Standard Reports cannot be edited,标准报表不可编辑,
Standard Sidebar Menu,标准侧边栏菜单,
"Standard Web Forms can not be modified, duplicate the Web Form instead.",标准Web表单不可修改，请复制后编辑副本,
Standard rich text editor with controls,带控件的标准富文本编辑器,
Standard roles cannot be disabled,标准角色不能被禁用,
Standard roles cannot be renamed,不允许变更标准角色名,
Standard user type {0} can not be deleted.,标准用户类型{0}不可删除,
Start,开始,
Start Date,开始日期,
Start Date Field,起始日期字段,
Start Import,开始导入,
Start Recording,开始录制,
Start Time,开始时间,
Start a new discussion,发起新讨论,
Start entering data below this line,请在此线下开始输入数据,
Start new Format,创建新的打印格式,
StartTLS,启动TLS,
Started,已开始,
Started At,开始于,
Starting Frappe ...,开始Frappe ...,
Starts on,开始于,
State,状态,
State Properties,状态属性,
State/Province,州/省,
States,状态列表,
Static Parameters,静态参数,
Statistics,统计信息,
Stats,统计信息,
Stats Time Interval,统计时间间隔,
Status,状态,
Status Updated,状态已更新,
Status Updated. The email will be picked up in the next scheduled run.,状态已更新，邮件将在下次计划运行时处理,
Status: {0},状态：{0},
Step,步骤,
Steps,步骤,
Steps to verify your login,验证您的登录的步骤,
Sticky,置顶,
Stop,停止,
Stopped,已停止,
Storage Usage (MB),存储使用量（MB）,
Storage Usage By Table,按表的存储使用量,
Store Attached PDF Document,存储附件PDF文档,
Store the API secret securely. It won't be displayed again.,请安全存储API密钥。该密钥将不再显示。,
Stores the JSON of last known versions of various installed apps. It is used to show release notes.,存储已安装应用最后已知版本的JSON数据，用于显示版本说明,
Stores the datetime when the last reset password key was generated.,存储最后生成密码重置密钥的时间,
Straight rows of keys are easy to guess,键盘上连串的字符容易被猜中,
Strip EXIF tags from uploaded images,去除上传图片的EXIF标签,
Strong,强,
Style,样式,
Style Settings,样式设置,
"Style represents the button color: Success - Green, Danger - Red, Inverse - Black, Primary - Dark Blue, Info - Light Blue, Warning - Orange",样式代表按钮颜色：成功-绿色，危险-红色，反色-黑色，主要-深蓝，信息-浅蓝，警告-橙色,
Stylesheet,样式表,
"Sub-currency. For e.g. ""Cent""","子货币单位。例如：""分""",
Sub-domain provided by erpnext.com,由erpnext.com提供的子域名,
Subdomain,子域名,
Subject,主题,
Subject Field,主题字段,
"Subject Field type should be Data, Text, Long Text, Small Text, Text Editor",主题字段类型应为数据、文本、长文本、短文本或文本编辑器,
Submission Queue,提交队列,
Submit,提交,
Submit After Import,导入后提交,
Submit an Issue,提交问题,
Submit button label,提交按钮标签,
Submit on Creation,创建时提交,
Submit this document to complete this step.,提交此文档以完成此步骤,
Submit this document to confirm,点提交按钮进行确认,
Submitted,已提交,
Submitted Document cannot be converted back to draft. Transition row {0},行{0}中的已提交的单据不能转换为草稿。,
Submitted document cannot be converted back to draft while transitioning from <b>{0} State</b> to <b>{1} State</b>,从<b>{0}状态</b>转换至<b>{1}状态</b>时，已提交文档无法转回草稿,
Submitting {0},正在提交{0},
Subsidiary,子公司,
Subtle,淡雅,
Success,成功,
Success Action,成功后的操作,
Success URI,成功URI,
Success URL,成功URL,
Success message,成功消息,
Success title,成功标题,
Successful Job Count,成功作业数,
Successful Transactions,成功事务,
Successful: {0} to {1},成功：{0} {1},
Successfully Updated,更新成功,
Successfully imported {0},成功导入 {0},
Successfully imported {0} out of {1} records.,成功导入{1}条记录中的{0}条。,
Successfully reset onboarding status for all users.,已成功重置所有用户的入职状态。,
Successfully signed out,已成功退出登录,
Successfully updated translations,成功更新翻译,
Successfully updated {0},成功更新 {0},
Successfully updated {0} out of {1} records.,成功更新{1}条记录中的{0}条。,
Suggest Optimizations,建议优化,
Suggested Indexes,建议索引,
Suggested Username: {0},建议用户名：{0},
Sum,汇总,
Sum of {0},{0}的总和,
Summary,概要,
Sunday,星期日,
"Support without complexity, lock-in and per-user costs. Try it for free!",无复杂性、无锁定、无按用户收费的客服支持。免费试用！,
Suspend Sending,暂停发送,
Switch Camera,切换摄像头,
Switch Theme,切换主题,
Switch To Desk,切换到主页（桌面）,
Switch to Frappe CRM,切换到 Frappe CRM,
Switch to Helpdesk,切换到 Frappe Helpdesk,
Switching Camera,正在切换摄像头,
Symbol,符号,
Sync,同步,
Sync Calendar,同步日历,
Sync Contacts,通讯录同步,
Sync events from Google as public,将Google事件同步为公开,
Sync on Migrate,迁移时同步,
"Sync token was invalid and has been reset, Retry syncing.",同步令牌无效已重置，请重试同步。,
Sync with Google Calendar,与Google日历同步,
Sync with Google Contacts,与Google联系人同步,
Sync {0} Fields,同步{0}字段,
Synced Fields,已同步字段,
Syncing,同步,
Syncing {0} of {1},正在同步{1}中的{0},
Syntax Error,语法错误,
System,系统,
System Console,系统控制台,
System Generated Fields can not be renamed,系统生成字段不可重命名,
System Health,系统健康状态,
System Health Report,系统健康报告,
System Health Report Errors,系统健康报告错误,
System Health Report Failing Jobs,系统健康报告失败任务,
System Health Report Queue,系统健康报告队列,
System Health Report Tables,系统健康报告表,
System Health Report Workers,系统健康报告工作进程,
System Manager,系统管理员,
System Manager privileges required.,需要系统管理员权限。,
System Notification,系统通知,
System Page,系统页面,
System Settings,系统设置,
System managers are allowed by default,默认允许系统管理员,
TOS URI,服务条款URI,
Tab,标签页,
Tab Break,选项卡分隔,
Tab Label,选项卡标签,
Table,表,
Table Break,表格分隔,
Table Field,表字段,
Table Fieldname,表字段名,
Table Fieldname Missing,缺失表格字段名,
Table HTML,表格HTML,
Table MultiSelect,表格多选,
"Table MultiSelect requires a table with at least one Link field, but none was found in {0}",表格多选需要一个至少包含一个链接字段的表，但在 {0} 中未找到,
Table Trimmed,表格已截断,
Table updated,表更新,
Table {0} cannot be empty,表{0}不能为空,
Tabloid,小报尺寸,
Tag,标签,
Tag Link,标签链接,
Tags,标签,
Take Photo,拍照,
Target,目标,
Task,任务,
Tasks,任务,
Tax Category,税种,
Team Members,团队成员,
Team Members Heading,团队成员标题,
Team Members Subtitle,团队成员副标题,
Telemetry,遥测,
Template,模板,
Template Error,模板错误,
Template File,模板文件,
Template Options,模板选项,
Template Warnings,模板警告,
Templates,模板,
Temporarily Disabled,暂时禁用,
Test Data,测试数据,
Test Job ID,测试任务ID,
Test Spanish,测试西班牙语,
Test_Folder,Test_Folder,
Text,文本,
Text Align,文本对齐,
Text Color,文字颜色,
Text Content,文本内容,
Text Editor,文本编辑器,
Thank you,谢谢,
"Thank you for reaching out to us. We will get back to you at the earliest.


Your query:

{0}","感谢您联系我们。我们将尽快给您回复。


您的问题

{0}",
Thank you for spending your valuable time to fill this form,感谢您花时间填写此表单,
Thank you for your email,谢谢您的邮件,
Thank you for your feedback!,感谢您的反馈！,
Thank you for your message,谢谢您的留言,
Thanks,谢谢,
The Auto Repeat for this document has been disabled.,此文档的自动重复功能已禁用。,
The Bulk Update could not happen due to <b>{0}</b>,由于 <b>{0}</b>，批量更新无法执行,
The CSV format is case sensitive,CSV格式区分大小写,
The Condition '{0}' is invalid,条件“{0}”无效,
The File URL you've entered is incorrect,您输入的文件URL不正确,
The Next Scheduled Date cannot be later than the End Date.,下次计划日期不能晚于结束日期。,
The Push Relay Server URL key (`push_relay_server_url`) is missing in your site config,站点配置中缺少推送中继服务器URL键(`push_relay_server_url`),
The User record for this request has been auto-deleted due to inactivity by system admins.,由于系统管理员未操作，此请求的用户记录已被自动删除。,
"The application has been updated to a new version, please refresh this page",该应用程序已被更新到新版本，请刷新本页面,
The application name will be used in the Login page.,应用名称将显示在登录页面,
The attachments could not be correctly linked to the new document,附件无法正确链接到新单据,
The changes have been reverted.,更改已还原。,
The column {0} has {1} different date formats. Automatically setting {2} as the default format as it is the most common. Please change other values in this column to this format.,列{0}存在{1}种日期格式。自动将最常见的{2}设为默认格式。请将此列其他值更改为该格式。,
The comment cannot be empty,评论内容不能为空,
The configured SMTP server does not support DSN (Delivery Status Notification).,配置的 SMTP 服务器不支持 DSN（送达状态通知）。,
The contents of this email are strictly confidential. Please do not forward this email to anyone.,此邮件内容严格保密。请勿转发给任何人。,
The count shown is an estimated count. Click here to see the accurate count.,显示数量为估算值。点击此处查看精确数量。,
The country's ISO 3166 ALPHA-2 code.,国家ISO 3166 ALPHA-2代码。,
The document could not be correctly assigned,无法正确分派单据,
The document has been assigned to {0},该单据已分派给{0},
"The document type selected is a child table, so the parent document type is required.",所选文档类型为子表，需指定父文档类型,
The email button is enabled for the user in the document.,文档中为用户启用了邮件按钮。,
The field {0} in {1} does not allow ignoring user permissions,{1} 中的字段 {0} 不允许忽略用户权限,
The field {0} in {1} links to {2} and not {3},{1} 中的字段 {0} 链接到 {2} 而非 {3},
The field {0} is mandatory,字段{0}为必填项,
The fieldname you've specified in Attached To Field is invalid,在“附加到字段”中指定的字段名无效,
The following Assignment Days have been repeated: {0},以下分配日期重复：{0},
The following Header Script will add the current date to an element in 'Header HTML' with class 'header-content',以下页眉脚本将当前日期添加至类名为'header-content'的页眉HTML元素中,
The following configured IMAP folder(s) were not found or are not accessible on the server:<br><ul>{0}</ul>Please verify the folder names exactly as they appear on the server and ensure the account has access to them.,以下配置的 IMAP 文件夹在服务器上未找到或不可访问：<br><ul>{0}</ul>请验证文件夹名称与服务器上显示的完全一致，并确保账户有权访问它们。,
The following values are invalid: {0}. Values must be one of {1},以下值无效：{0}。有效值应为{1}之一,
The following values do not exist for {0}: {1},以下单据 {0}：{1} 不存在,
The limit has not set for the user type {0} in the site config file.,站点配置文件中未设置用户类型{0}的限制。,
The link will expire in {0} minutes,链接将在{0}分钟后失效,
The link you trying to login is invalid or expired.,您尝试登录的链接无效或已过期。,
"The meta description is an HTML attribute that provides a brief summary of a web page. Search engines such as Google often display the meta description in search results, which can influence click-through rates.",元描述是HTML属性，提供网页摘要。Google等搜索引擎常在搜索结果中显示元描述，影响点击率。,
"The meta image is unique image representing the content of the page. Images for this Card should be at least 280px in width, and at least 150px in height.",元图像是代表页面内容的唯一图像。卡片图像宽度至少280px，高度至少150px。,
The name that will appear in Google Calendar,将在Google日历中显示的名称,
The next tour will start from where the user left off.,下次导览将从用户上次结束的位置开始,
The number of seconds until the request expires,请求有效秒数,
The password of your account has expired.,您账户的密码已过期。,
The print button is enabled for the user in the document.,文档中为用户启用了打印按钮。,
The process for deletion of {0} data associated with {1} has been initiated.,删除与{1}关联的{0}数据的过程已启动。,
The report you requested has been generated.<br><br>Click here to download:<br><a href='{0}'>{0}</a><br><br>This link will expire in {1} hours.,您请求的报告已生成。<br><br>点击此处下载：<br><a href='{0}'>{0}</a><br><br>此链接将在{1}小时后过期。,
The reset password link has been expired,重置密码链接已过期,
The reset password link has either been used before or is invalid,重置密码链接已被使用或无效,
The resource you are looking for is not available,您正在查找的资源不可用,
The role {0} should be a custom role.,角色{0}应为自定义角色。,
The selected document {0} is not a {1}.,所选文档{0}不是{1}类型。,
The system is being updated. Please refresh again after a few moments.,系统正在更新。请稍后刷新页面。,
The system provides many pre-defined roles. You can add new roles to set finer permissions.,本系统提供了许多预定义角色。您可以添加新角色设定更精细的权限。,
The total number of user document types limit has been crossed.,已超过用户文档类型总数限制。,
The user can create a new Item but cannot edit existing items.,用户可以创建新物料但不能编辑现有物料。,
The user can delete Draft / Cancelled documents.,用户可以删除草稿/已取消的文档。,
The user can export report data.,用户可以导出报表数据。,
The user can import new records or update existing data for the document.,用户可以导入新记录或更新文档的现有数据。,
The user can select a Customer in Sales Order but cannot open the Customer master.,用户可以在销售订单中选择客户但不能打开客户主数据。,
The user can share document access with another user.,用户可以与其他用户共享文档访问权限。,
The user can update a customer or any other fields in an existing Sales Order but cannot create a new Sales Order.,用户可以更新现有销售订单中的客户或任何其他字段但不能创建新的销售订单。,
The user can view Sales Invoices but cannot modify any field values in them.,用户可以查看销售发票但不能修改其中的任何字段值。,
"The value of the field {0} is too long in the {1} document. To resolve this issue, please reduce the value length or change the {0} field Type to Long Text using customize form, and then try again.",{1} 文档中字段 {0} 的值太长。要解决此问题，请减少值的长度或通过自定义表单将 {0} 字段类型更改为长文本，然后重试。,
The value you pasted was {0} characters long. Max allowed characters is {1}.,您粘贴的值长度为{0}个字符。最大允许字符数为{1}。,
The webhook will be triggered if this expression is true,当表达式为真时触发Webhook,
The {0} is already on auto repeat {1},{0}已启用自动重复{1},
Theme,主题,
Theme Changed,主题已更改,
Theme Configuration,主题配置,
Theme URL,主题URL,
There are documents which have workflow states that do not exist in this Workflow. It is recommended that you add these states to the Workflow and change their states before removing these states.,存在文档的工作流状态未包含在此工作流中。建议在移除前将这些状态添加至工作流并修改文档状态。,
There are no upcoming events for you.,你没有待处理事项,
"There are no {0} for this {1}, why don't you start one!",此{1}无{0}，何不创建一个！,
There are {0} with the same filters already in the queue:,队列中已有{0}条相同筛选条件的记录：,
There can be only 9 Page Break fields in a Web Form,网页表单最多允许9个分页符字段,
There can be only one Fold in a form,一个表单只能有一个折叠,
There is an error in your Address Template {0},地址模板有一个错误{0},
There is no data to be exported,没有可导出的数据,
"There is no task called ""{}""","不存在名为""{}""的任务",
There is nothing new to show you right now.,暂无可显示新消息,
There is some problem with the file url: {0},有一些问题与文件的URL：{0},
There is {0} with the same filters already in the queue:,队列中已有{0}条相同筛选条件的记录：,
There must be atleast one permission rule.,至少要一个权限规则。,
There was an error building this page,构建此页面时出错,
There was an error saving filters,保存过滤条件时出错,
There were errors,出错了,
There were errors while creating the document. Please try again.,创建单据时出错。请再试一次。,
There were errors while sending email. Please try again.,邮件发送失败，请重试。,
"There were some errors setting the name, please contact the administrator",设置名称时出现错误，请与管理员联系,
These announcements will appear inside a dismissible alert below the Navbar.,这些公告将显示在导航栏下方可关闭的提示框中,
"These fields are used to provide resource server metadata to clients querying the ""well known protected resource"" end point.","这些字段用于向查询""知名受保护资源""端点的客户端提供资源服务器元数据。",
These settings are required if 'Custom' LDAP Directory is used,使用'自定义'LDAP目录时需配置以下设置,
These values will be automatically updated in transactions and also will be useful to restrict permissions for this user on transactions containing these values.,这些值将在交易中自动更新，并可用于限制该用户对包含这些值交易的权限,
Third Party Apps,第三方应用,
Third Party Authentication,第三方认证,
This Currency is disabled. Enable to use in transactions,该货币已被禁用，请启用以便能在业务交易中使用,
This Kanban Board will be private,此看板只适用于本帐号,
This Month,本月,
This PDF cannot be uploaded as it contains unsafe content.,此PDF文件因包含不安全内容而无法上传。,
This Quarter,本季度,
This Week,本周,
This Year,本年,
This action is irreversible. Do you wish to continue?,此操作不可逆。是否继续？,
This action is only allowed for {},此操作仅允许{}执行,
This cannot be undone,不可撤销,
This card will be available to all Users if this is set,设置后所有用户可见此卡片,
This chart will be available to all Users if this is set,设置后所有用户可见此图表,
This doctype has no orphan fields to trim,此文档类型无孤立字段需清理,
"This doctype has pending migrations, run 'bench migrate' before modifying the doctype to avoid losing changes.",此文档类型有待执行迁移，修改前请运行'bench migrate'以避免丢失更改。,
This document can not be deleted right now as it's being modified by another user. Please try again after some time.,此文档正被其他用户修改，暂时无法删除。请稍后重试。,
This document has already been queued for submission. You can track the progress over {0}.,本文档已加入提交队列。您可通过{0}跟踪进度。,
This document has been modified after the email was sent.,发电子邮件后，此单据已被修改。,
This document has unsaved changes which might not appear in final PDF. <br> Consider saving the document before printing.,此文档存在未保存更改，可能不会反映在最终PDF中。<br>打印前请先保存文档。,
"This document is already amended, you cannot ammend it again",此文档已修订，不可再次修订,
This document is currently locked and queued for execution. Please try again after some time.,单据被后台待执行操作锁定，请稍后再试。,
This email is autogenerated,此电子邮件是自动生成的,
"This feature can not be used as dependencies are missing.
				Please contact your system manager to enable this by installing pycups!","由于缺少依赖项，该功能无法使用。
				请联系系统管理员，通过安装 pycups 来启用此功能！",
This feature is brand new and still experimental,此功能是全新的，仍处于试验阶段,
"This field will appear only if the fieldname defined here has value OR the rules are true (examples):
myfield
eval:doc.myfield=='My Value'
eval:doc.age&gt;18","仅当定义的字段有值或规则成立时显示该字段（示例）：
myfield
eval:doc.myfield=='我的值'
eval:doc.age&gt;18",
This file is attached to a protected document and cannot be deleted.,该文件已关联至受保护文档，不可删除。,
"This file is public and can be accessed by anyone, even without logging in. Mark it private to limit access.",本文件为公开文件，无需登录即可访问。请设为私有以限制访问权限。,
This file is public. It can be accessed without authentication.,此为公开文件，用户无需登录即可访问,
This form has been modified after you have loaded it,重新加载后表单就已被修改，,
This form is not editable due to a Workflow.,此表单因工作流状态不能被编辑。,
This format is used if country specific format is not found,未找到国家特定格式时使用此格式,
This geolocation provider is not supported yet.,暂不支持此地理位置服务提供商。,
This goes above the slideshow.,此内容显示在幻灯片上方,
This is a background report. Please set the appropriate filters and then generate a new one.,此报表是后台运行报表，请设置恰当的过滤条件并点击右上角生成新报表按钮获取报表结果,
This is a top-10 common password.,这是一个前10名的常用密码。,
This is a top-100 common password.,这是一个前100名的常用密码。,
This is a very common password.,这是一个非常普遍的密码。,
This is a virtual doctype and data is cleared periodically.,这是个虚拟单据，数据会被定期清理,
This is an automatically generated reply,这是一个自动生成的回复,
This is similar to a commonly used password.,这类似于一个通常使用的密码。,
This is the number of the last created transaction with this prefix,使用此前缀的最后创建交易编号,
This link has already been activated for verification.,此链接已激活以进行验证。,
This link is invalid or expired. Please make sure you have pasted correctly.,此链接是无效或过期。请确保你已经正确粘贴。,
This may get printed on multiple pages,可能会打印多页,
This month,这个月,
"This report contains {0} rows and is too big to display in browser, you can {1} this report instead.",此报告包含{0}行数据，浏览器显示过大，建议{1}此报告。,
This report was generated on {0},此报表是在{0}上生成的,
This report was generated {0}.,报表{0}已生成。,
This request has not yet been approved by the user.,此请求尚未得到用户的批准。,
"This site is in read only mode, full functionality will be restored soon.",此站点处于只读模式，完整功能将尽快恢复。,
This site is running in developer mode. Any change made here will be updated in code.,本站点已设置开发者模式参数，单据修改会同步到代码中,
This software is built on top of many open source packages.,本软件基于众多开源软件包构建。,
This title will be used as the title of the webpage as well as in meta tags,此标题将作为网页标题及元标签内容,
This value is fetched from {0}'s {1} field,此值取自{0}的{1}字段,
This value specifies the max number of rows that can be rendered in report view.,此值指定报告视图中可渲染的最大行数。,
"This will be automatically generated when you publish the page, you can also enter a route yourself if you wish",发布页面时将自动生成路由，也可手动输入自定义路由,
This will be shown in a modal after routing,路由后将在模态框中显示此内容,
This will be shown to the user in a dialog after routing to the report,路由到报表后将在对话框中向用户显示,
This will log out {0} from all other devices,这将从所有其他设备注销{0},
This will permanently remove your data.,这将彻底删除您的数据。,
This will reset this tour and show it to all users. Are you sure?,将重置此导览并向所有用户显示。是否继续？,
"This will terminate the job immediately and might be dangerous, are you sure?",此操作将立即终止任务且可能存在风险，是否确认继续？,
Throttled,节流,
Thumbnail URL,缩略图URL,
Thursday,星期四,
Time,时间,
Time Format,时间格式,
Time Interval,时间间隔,
Time Series,时间序列,
Time Series Based On,基于时间序列,
Time Taken,耗时,
Time Window (Seconds),时间窗口（秒）,
Time Zone,时区,
Time Zones,时区列表,
Time format,时间格式,
Time in Queries,查询耗时,
Time in seconds to retain QR code image on server. Min:<strong>240</strong>,在服务器保留二维码图像的秒数。最小值：<strong>240</strong>,
Time series based on is required to create a dashboard chart,创建统计图表需定义时间跨度字段,
Time {0} must be in format: {1},时间{0}必须符合格式：{1},
Timed Out,超时,
Timeless Night,永恒之夜主题,
Timeline,时间线,
Timeline DocType,时间线文档类型,
Timeline Field,时间线字段,
Timeline Links,时间线链接,
Timeline Name,时间线名称,
Timeline field must be a Link or Dynamic Link,时间线字段必须是一个链接或动态链接,
Timeline field must be a valid fieldname,时间线字段必须是有效的字段名,
Timeout,超时,
Timeout (In Seconds),超时时间（秒）,
Timeseries,时间序列,
Timespan,时间范围,
Timestamp,时间戳,
Tip: Try the new dropdown console using,提示：尝试使用新的下拉控制台,
Title,标题,
Title Field,标题字段,
Title Prefix,标题前缀,
Title field must be a valid fieldname,标题字段必须是有效的字段名,
Title of the page,页面标题,
To,收件人,
To Date,结束日期,
To Date Field,截止日期字段,
To Do,待办,
"To add dynamic subject, use jinja tags like

<div><pre><code>New {{ doc.doctype }} #{{ doc.name }}</code></pre></div>","使用Jinja标签添加动态主题

<div><pre><code>新建{{ doc.doctype }} #{{ doc.name }}</code></pre></div>",
"To add dynamic values from the document, use jinja tags like

<div>
<pre><code>{ ""id"": ""{{ doc.name }}"" }</code>
</pre>
</div>","使用Jinja标签添加文档动态值

<div>
<pre><code>{ ""id"": ""{{ doc.name }}"" }</code>
</pre>
</div>",
To allow more reports update limit in System Settings.,要在系统设置中调整报表数量限制以允许更多报表,
To and CC,收件人与抄送,
"To begin the date range at the start of the chosen period. For example, if 'Year' is selected as the period, the report will start from January 1st of the current year.",将日期范围起始点设为所选周期的起点。例如选择'年'周期时，报表将自当年1月1日起算,
"To configure Auto Repeat, enable ""Allow Auto Repeat"" from {0}.","要配置自动重复，请为单据类型{0}启用""""允许自动重复""""",
To enable it follow the instructions in the following link: {0},启用方法请参考以下链接说明：{0},
"To enable server scripts, read the {0}.",启用服务端脚本请参阅{0},
"To export this step as JSON, link it in a Onboarding document and save the document.",导出此步骤为JSON需关联到入职文档并保存,
To generate password click {0},生成密码请点击{0},
To know more click {0},了解更多请点击{0},
To print output use <code>print(text)</code>,可调用print输出结果,
"To set the role {0} in the user {1}, kindly set the {2} field as {3} in one of the {4} record.",为用户{1}设置角色{0}，请在{4}记录中将{2}字段设为{3},
"To use Google Calendar, enable {0}.",使用Google日历需启用{0},
"To use Google Contacts, enable {0}.",使用Google联系人需启用{0},
To version,当前版本,
ToDo,待办,
Today,今天,
Toggle Awesomebar,切换搜索栏,
Toggle Chart,切换图表,
Toggle Grid View,切换到图标视图,
Toggle Sidebar,切换边栏,
Toggle sidebar,切换侧边栏,
Token,令牌,
Token Cache,Token缓存,
Token Endpoint Auth Method,令牌端点认证方法,
Token Type,令牌类型,
Token URI,令牌URI,
Token is missing,令牌丢失,
Tomorrow,明天,
Too Many Documents,文档数量过多,
Too Many Requests,请求过多,
Too many changes to database in single action.,单次操作中数据库变更过多,
Too many queued background jobs ({0}). Please retry after some time.,后台作业队列过长({0})，请稍后重试,
Too many requests. Please try again later.,请求过多。请稍后再试。,
"Too many users signed up recently, so the registration is disabled. Please try back in an hour",最近有太多用户注册，导致注册功能被自动临时禁用了，请一个小时后重试。,
Top,顶部,
Top 10,前十项,
Top Bar Item,顶栏条目,
Top Bar Items,顶部栏项目列表,
Top Center,顶部居中,
Top Errors,高频错误,
Top Left,左上角,
Top Right,右上角,
Topic,主题,
Total,总计,
Total Background Workers,后台工作进程总数,
Total Errors (last 1 day),总错误数（最近1天）,
Total Images,总图片数,
Total Outgoing Emails,总发送邮件数,
Total Subscribers,总订阅人数,
Total Users,总用户数,
Total Working Time,总工作时长,
Total number of emails to sync in initial sync process,初始同步过程中要同步的邮件总数,
Total:,总计：,
Totals,合计,
Totals Row,总计行,
Trace ID,追踪ID,
Traceback,回溯信息,
Track Changes,跟踪变更,
Track Email Status,跟踪邮件状态,
Track Field,跟踪字段,
Track Seen,跟踪已读状态,
Track Steps,跟踪步骤,
Track Views,跟踪浏览,
"Track if your email has been opened by the recipient.
<br>
Note: If you're sending to multiple recipients, even if 1 recipient reads the email, it'll be considered ""Opened""","跟踪邮件是否被收件人打开。
<br>
注意：发送给多个收件人时，只要1个收件人阅读即标记为“已打开”",
Track milestones for any document,跟踪任何单据的里程碑,
Tracking URL generated and copied to clipboard,跟踪 URL 已生成并复制到剪贴板,
Transgender,跨性别者,
Transition Properties,状态转换属性,
Transition Rules,转换规则,
Transition Tasks,过渡任务,
Transitions,状态转换,
Translatable,可翻译,
Translate Data,翻译数据,
Translate Link Fields,翻译链接字段,
Translate values,翻译值,
Translate {0},翻译{0},
Translated Text,已翻译文本,
Translation,翻译,
Translations,翻译,
"Translations can be viewed by guests, avoid storing private details in translations.",翻译可以被访客查看，避免在翻译中存储私密信息。,
Translator,翻译人员,
Trash,回收站,
Tree,树状结构,
Tree View,树视图,
Tree structures are implemented using Nested Set,树形结构采用嵌套集模型实现,
Tree view is not available for {0},{0}不支持树形视图,
Trigger Method,触发方法,
Trigger Primary Action,触发主要操作,
Trigger caching,触发缓存,
"Trigger on valid methods like ""before_insert"", ""after_update"", etc (will depend on the DocType selected)","在有效方法上触发，如""before_insert""、""after_update""等（取决于所选文档类型）",
Trim Table,精简表格,
Try Again,重试,
Try a Naming Series,尝试命名规则,
Try to avoid repeated words and characters,尽量避免重复的单词和字符,
Try to use a longer keyboard pattern with more turns,尝试使用更多的匝数较长的键盘模式,
Tuesday,星期二,
Two Factor Authentication,双因素认证,
Two Factor Authentication method,双因素认证方法,
Type,类型,
Type a reply / comment,输入回复或评论,
Type something in the search box to search,在搜索框中输入一些文字开始搜索,
Type title,输入标题,
Type your reply here...,在此输入回复...,
Type:,类型：,
UI Tour,界面导览,
UID,唯一标识符,
UIDNEXT,下个UID,
UIDVALIDITY,UID有效性,
UNSEEN,未读,
"URIs for receiving authorization code once the user allows access, as well as failure responses. Typically a REST endpoint exposed by the Client App.
<br>e.g. http://hostname/api/method/frappe.integrations.oauth2_logins.login_via_facebook","用户授权后接收授权码及错误响应的URI。通常为客户端应用暴露的REST端点。
<br>示例：http://hostname/api/method/frappe.integrations.oauth2_logins.login_via_facebook",
URL,URL,
URL contact must start with https://,URL 联系方式必须以 https:// 开头,
URL for documentation or help,文档或帮助链接,
URL must start with http:// or https://,URL必须以http://或https://开头,
URL of a human-readable page with info that developers might need.,包含开发人员可能需要信息的人类可读页面URL。,
URL of a web page providing information about the client.,提供客户端相关信息的网页URL。,
URL of human-readable page with info about the protected resource's terms of service.,包含受保护资源服务条款信息的人类可读页面URL。,
URL of human-readable page with info on requirements about how the client can use the data.,包含客户端数据使用要求信息的人类可读页面URL。,
URL of the page,页面URL,
URL that points to a human-readable policy document for the client. Should be shown to end-user before authorizing.,指向客户端人类可读策略文档的URL。应在授权前向最终用户展示。,
URL that points to a human-readable terms of service document for the client. Should be shown to end-user before authorizing.,指向客户端人类可读服务条款文档的URL。应在授权前向最终用户展示。,
URL that references a logo for the client.,引用客户端标识的URL。,
URL to go to on clicking the slideshow image,点击轮播图片跳转的URL,
UTM Campaign,UTM活动,
UTM Medium,UTM媒介,
UTM Source,UTM来源,
UUID,通用唯一标识符,
Un-following document {0},取消关注文档{0},
Unable to find DocType {0},无法找到DocType {0},
Unable to load camera.,无法加载相机。,
Unable to load: {0},无法加载： {0},
Unable to open attached file. Did you export it as CSV?,无法打开附件单据，您确认导出文件并存为了CSV格式？,
Unable to read file format for {0},无法读取{0}的文件格式,
Unable to send mail because of a missing email account. Please setup default Email Account from Settings > Email Account,缺少邮箱账户无法发送邮件，请通过设置>邮箱账户配置默认账户,
Unable to update event,无法更新事件,
Unable to write file format for {0},无法写入{0}的文件格式,
Unassign Condition,取消分配条件,
Uncaught Exception,未捕获异常,
Unchanged,未变更,
Undo,撤销,
Undo last action,撤销上一步操作,
Unfollow,取消关注,
Unhandled Email,未处理的邮件,
Unhandled Emails,未处理邮件,
Unique,唯一,
"Unique ID assigned by the client developer used to identify the client software to be dynamically registered.
<br>
<b>Should remain same</b> across multiple versions or updates of the software.",由客户端开发人员分配的唯一ID，用于标识要动态注册的客户端软件。<br><b>应在软件的多个版本或更新中保持不变</b>。,
Unknown,未知,
Unknown Column: {0},未知列： {0},
Unknown Rounding Method: {},未知舍入方法：{},
Unknown User,未知用户,
Unknown file encoding. Tried to use: {0},未知文件编码，尝试使用：{0},
Unlock Reference Document,解锁参考文档,
Unpublish,取消发布,
Unread,未读,
Unread Notification Sent,未读通知已发送,
Unsafe SQL query,不安全的SQL查询,
Unselect All,全部不选,
Unshared,取消共享,
Unsubscribe,退订,
Unsubscribe Method,退订方法,
Unsubscribe Params,退订参数,
Unsubscribed,已退订,
Unsupported function or operator: {0},不支持的函数或运算符：{0},
Unsupported {0}: {1},不支持的 {0}：{1},
Untitled Column,未命名列,
Unzip,解压缩,
Unzipped {0} files,解压缩{0}个文件,
Unzipping files...,解压缩文件...,
Upcoming Events for Today,今日活动,
Update,更新,
Update Amendment Naming,更新修订命名,
Update Existing Records,更新现有记录,
Update Field,更新字段,
Update Hooks Resolution Order,更新应用钩子解析顺序,
Update Order,更新顺序,
Update Password,更新密码,
Update Series Counter,更新序列计数器,
Update Series Number,更新序列号,
Update Settings,更新设置,
Update Translations,更新翻译,
Update Value,更新值,
Update from Frappe Cloud,从Frappe云更新,
Update {0} records,更新{0}个单据,
Updated,已更新,
Updated Successfully,更新成功,
Updated To A New Version 🎉,已更新至新版本🎉,
Updated successfully,更新成功,
Updating,更新,Freeze message while updating a document
Updating Email Queue Statuses. The emails will be picked up in the next scheduled run.,更新邮件队列状态中...，邮件将在下一次定时执行的邮件发送任务中发出,
Updating counter may lead to document name conflicts if not done properly,更新不当会导致新单据与现有单据重复，不能保存,
Updating global settings,更新全局设置,
Updating naming series options,更新命名系列选项,
Updating related fields...,正在更新相关字段...,
Updating {0},更新{0},
"Updating {0} of {1}, {2}",正在更新 {0}/{1}，{2},
Upload,上传,
Upload Image,上传图片,
Upload file,上传文件,
Upload {0} files,上传了{0}份文件,
Uploaded To Dropbox,已上传至Dropbox,
Uploaded To Google Drive,已上传至Google云盘,
Use % for any non empty value.,使用%表示任意非空值,
Use ASCII encoding for password,密码使用ASCII编码,
Use First Day of Period,使用周期首日,
Use HTML,使用HTML,
Use IMAP,使用IMAP,
Use Number Format from Currency,使用货币的数字格式,
Use POST,使用POST方法,
Use Report Chart,使用报表图表,
Use SSL,使用SSL,
Use STARTTLS,使用STARTTLS,
Use TLS,使用TLS,
Use a few uncommon words together.,使用几个不常见的词汇组合。,
"Use a few words, avoid common phrases.",用几个字，避免常用短语。,
Use different Email ID,使用不同邮箱,
Use if the default settings don't seem to detect your data correctly,当默认设置无法正确识别数据时使用,
Use of sub-query or function is restricted,子查询或函数的使用受到限制,
Use the new Print Format Builder,启用新打印格式编辑器,
Use this fieldname to generate title,使用此字段生成标题,
"Use this, for example, if all sent emails should also be send to an archive.",例如，若需将所有发送邮件同时存档可使用此选项,
Used OAuth,已用OAuth,
User,用户,
User '{0}' already has the role '{1}',用户“{0}”已经被分派了角色“{1}”,
User Agent,用户代理,
User Cannot Create,用户无权创建,
User Cannot Search,用户无权搜索,
User Changed,用户账号已变更,
User Defaults,用户默认设置,
User Details,用户详情,
User Doctype Permissions,用户文档类型权限,
User Document Type,用户单据类型,
User Document Types Limit Exceeded,用户文档类型数量超限,
User Email,用户电子邮件,
User Emails,用户邮件列表,
User Group,用户组,
User Group Member,用户组成员,
User Group Members,用户组成员列表,
User ID,用户ID,
User ID Property,用户ID属性,
User Id,用户ID,
User Id Field,用户ID字段,
User Id Field is mandatory in the user type {0},用户类型{0}中用户ID字段为必填项,
User Image,用户头像,
User Invitation,用户邀请,
User Menu,用户菜单,
User Name,用户名,
User Permission,用户权限限制,
User Permissions,用户权限限制,
User Permissions are used to limit users to specific records.,用户权限限制用于过滤出允许用户访问的单据。,
User Permissions created successfully,用户权限创建成功,
User Role,用户角色,
User Role Profile,用户角色配置文件,
User Select Document Type,用户选择单据类型,
User Session Display,用户会话显示,
User Social Login,用户社交登录,
User Tags,用户标签,
User Type,用户类型,
User Type Module,用户类型模块,
User can login using Email id or Mobile number,用户可通过邮箱或手机号登录,
User can login using Email id or User Name,用户可通过邮箱或用户名登录,
User does not exist,用户不存在,
User does not have permission to create the new {0},用户无权创建新{0},
User is disabled,用户已禁用,
User is mandatory for Share,请选择要分享的用户,
User must always select,用户必须始终选择,
User permission already exists,用户权限限制已经存在,
User with email address {0} does not exist,邮箱地址为{0}的用户不存在,
User with email: {0} does not exist in the system. Please ask 'System Administrator' to create the user for you.,系统中不存在邮箱为{0}的用户，请联系系统管理员创建,
User {0} cannot be deleted,用户{0}不能被删除,
User {0} cannot be disabled,用户{0}不能被禁用,
User {0} cannot be renamed,不允许变更用户名{0},
User {0} does not have access to this document,用户{0}无权访问此单据,
User {0} does not have doctype access via role permission for document {1},角色权限管理中未授权用户 {0} 访问 {1},
User {0} does not have the permission to create a Workspace.,用户{0}无权创建工作区,
User {0} has requested for data deletion,用户{0}已请求数据删除,
User {0} has started an impersonation session as you. <br><br><b>Reason provided:</b> {1},用户 {0} 已开始以您的身份进行模拟会话。<br><br><b>提供的原因：</b>{1},
User {0} impersonated as {1},用户 {0} 以 {1} 身份登录,
User {0} is disabled,用户{0}已禁用,
User {0} is disabled. Please contact your System Manager.,用户{0}已禁用，请联系系统管理员,
User {0} is not permitted to access this document.,用户{0}无权访问此文档,
Userinfo URI,用户信息URI,
Username,用户名,
Username {0} already exists,用户名{0}已存在,
Users,用户,
Users are only able to delete attached files if the document is either in draft or if the document is canceled and they are also able to delete the document.,仅限用户有单据删除权限且单据在草稿或已取消状态下删除上传的附件,
Uses system's theme to switch between light and dark mode,使用系统主题切换亮/暗模式,
Using this console may allow attackers to impersonate you and steal your information. Do not enter or paste code that you do not understand.,使用此控制台可能使攻击者冒充您窃取信息，请勿输入或粘贴未知代码,
Utilization,利用率,
Utilization %,利用率百分比,
Valid,有效,
Valid Login id required.,请输入有效的登录ID。,
Valid email and name required,需要有效的电子邮件和姓名,
Validate Field,验证字段,
Validate Frappe Mail Settings,验证Frappe邮件设置,
Validate SSL Certificate,验证SSL证书,
Validation Error,验证错误,
Validity,有效期,
Value,值,
Value Based On,基于值,
Value Change,金额变动,
Value Changed,值已变更,
Value To Be Set,待设定值,
Value Too Long,值过长,
Value cannot be changed for {0},值不能被改变为{0},
Value cannot be negative for,值不能为负数：,
Value cannot be negative for {0}: {1},{0}的值不能为负数：{1},
Value for a check field can be either 0 or 1,勾选字段值可以为0或1,
Value for field {0} is too long in {1}. Length should be lesser than {2} characters,{1} 中的字段 {0} 值太长，长度应该小于 {2},
Value for {0} cannot be a list,{0}不能是列表值,
Value from this field will be set as the due date in the ToDo,此字段值将设为待办事项的截止日期,
Value must be one of {0},值必须是 {0} 之一,
"Value of ""None"" implies a public client. In such a case Client Secret is not given to the client and token exchange makes use of PKCE.","值为""None""表示公共客户端。在此情况下，客户端密钥不会提供给客户端，令牌交换将使用PKCE。",
Value to Validate,待验证值,
Value to set when this workflow state is applied. Use plain text (e.g. Approved) or an expression if “Evaluate as Expression” is enabled.,应用此工作流状态时要设置的值。使用纯文本（例如：已批准）或在启用“作为表达式求值”时使用表达式。,
Value too big,值过大,
Value {0} missing for {1},{1} 不包括值 {0},
Value {0} must be in the valid duration format: d h m s,值{0}必须符合有效时长格式：d h m s,
Value {0} must in {1} format,值{0}必须符合{1}格式,
Values Changed,值已更改,
Verdana,Verdana字体,
Verification,验证,
Verification Code,验证码,
Verification Link,验证链接,
Verification code email not sent. Please contact Administrator.,验证码邮件未发送，请联系管理员,
Verification code has been sent to your registered email address.,验证码已发送到您注册的电子邮件地址。,
Verified,已验证,
Verify,确认,
Verify Password,确认密码,
Verifying...,验证中...,
Version,版本,
Version Updated,版本更新,
Video URL,视频URL,
View,查看,
View All,查看全部,
View Audit Trail,查看审计跟踪,
View Docs,查看文档,
View Doctype Permissions,查看文档类型权限,
View File,查看文件,
View Full Log,查看全部日志,
View List,查看列表,
View Log,查看日志,
View Permitted Documents,查看被授权单据,
View Properties (via Customize Form),查看属性（通过自定义表单）,
View Report,查看报表,
View Settings,视图设置,
View Sidebar,查看侧边栏,
View Switcher,视图切换器,
View Website,查看网站,
View all {0} users,查看所有 {0} 个用户,
View document,查看单据,
View report in your browser,在浏览器中查看报表,
View this in your browser,在浏览器查看,
View {0},查看{0},
Viewed By,查看者,
Virtual,虚拟,
Virtual DocType {} requires a static method called {} found {},虚拟文档类型{}需要名为{}的静态方法，找到{},
Virtual DocType {} requires overriding an instance method called {} found {},虚拟文档类型{}需要重写名为{}的实例方法，找到{},
Virtual tables must be virtual fields,虚拟表必须为虚拟字段,
Visibility,可见性,
Visible to website/portal users.,对网站/门户用户可见。,
Visit,访问,
Visit Desktop,访问桌面,
Visit Web Page,访问网页,
Visitor ID,访客ID,
Want to discuss?,需要讨论？,
Warehouse,仓库,
Warning,警告,
Warning: DATA LOSS IMMINENT! Proceeding will permanently delete following database columns from doctype {0}:,警告：即将数据丢失！继续操作将永久删除{0}的数据库列：,
Warning: Naming is not set,警告：未设置命名规则,
Warning: Unable to find {0} in any table related to {1},警告：无法找到{0}与任何表{1},
Warning: Updating counter may lead to document name conflicts if not done properly,警告：计数器更新不当可能导致文档名称冲突,
Warning: Usage of 'format:' is discouraged.,警告：不鼓励使用 'format:'。,
Was this article helpful?,本文是否有帮助？,
Watch Tutorial,观看教程,
We do not allow editing of this document. Simply click the Edit button on the workspace page to make your workspace editable and customize it as you wish,本文档不允许编辑。点击工作区页面编辑按钮可自定义工作区,
We have received a request for deletion of {0} data associated with: {1},我们收到了删除与以下相关的{0}数据的请求：{1},
We have received a request from you to download your {0} data associated with: {1},我们已收到您的请求，要求您下载与{1}相关联的{0}数据,
We would like to thank the authors of these packages for their contribution.,感谢以下软件包作者的贡献,
We've received your query!,已收到您的查询！,
Weak,弱,
Web Form,网页表单,
Web Form Field,Web表单字段,
Web Form Fields,网页表单字段集,
Web Form List Column,网页表单列表字段,
Web Page,网站网页,
Web Page Block,网页区块,
Web Page URL,网页 URL,
Web Page View,网页视图,
Web Template,网页模板,
Web Template Field,网页模板字段,
Web Template Values,网页模板值,
Web Template is not specified,未指定网页模板,
Web View,网页视图,
Webhook,网络钩子,
Webhook Data,Webhook数据,
Webhook Header,Webhook头信息,
Webhook Headers,网络钩子标头集,
Webhook Request,网络钩子请求,
Webhook Request Log,网络钩子请求日志,
Webhook Secret,网络钩子密钥,
Webhook Security,网络钩子安全性,
Webhook Trigger,网络钩子触发器,
Webhook URL,网络钩子URL,
Website,网站,
Website Analytics,网站分析,
Website Manager,网站管理员,
Website Meta Tag,网站元标记,
Website Route Meta,网站路径元数据,
Website Route Redirect,网站路径重定向,
Website Script,网站脚本,
Website Search Field,网站搜索字段,
Website Search Field must be a valid fieldname,网站搜索字段必须是有效字段名,
Website Settings,网站设置,
Website Sidebar,网站边栏,
Website Sidebar Item,网站侧栏条目,
Website Slideshow,网站幻灯片,
Website Slideshow Item,网站幻灯片项目,
Website Theme,网站主题,
Website Theme Ignore App,网站主题忽略应用,
Website Theme Image,网站主题图像,
Website Theme image link,网站主题图像链接,
"Website, email or phone where vulnerabilities can be reported. Defaults to `https://security.frappe.io`",可报告漏洞的网站、邮箱或电话。默认为 `https://security.frappe.io`,
Websocket,Websocket,
Wednesday,星期三,
Week,周,
Weekdays,工作日,
Weekly,每周,
Weekly Long,周（长格式）,
Welcome,欢迎,
Welcome Email Template,欢迎邮件模板,
Welcome URL,欢迎URL,
Welcome email sent,欢迎电子邮件已发送,
Welcome to Frappe!,欢迎使用 Frappe！,
Welcome to the {0} workspace,欢迎来到 {0} 工作区,
Welcome to {0},欢迎{0},
What's New,新消息,
"When enabled this will allow guests to upload files to your application, You can enable this if you wish to collect files from user without having them to log in, for example in job applications web form.",启用后访客可上传文件至系统。例如在招聘网页表单中无需登录即可收集用户文件,
"When sending document using email, store the PDF on Communication. Warning: This can increase your storage usage.",邮件发送文档时在沟通记录中存储PDF。警告：可能增加存储使用量,
"When uploading files, force the use of the web-based image capture. If this is unchecked, the default behavior is to use the mobile native camera when use from a mobile is detected.",强制使用网页图像采集功能上传文件。未勾选时，检测到移动端访问将默认使用原生相机,
Which view of the associated DocType should this shortcut take you to?,此快捷方式应跳转至关联文档类型的哪个视图？,
Width,宽度,
Widths can be set in px or %.,宽度可以设置为px像素或%百分比。,
Wildcard Filter,通配符过滤器,
"Will add ""%"" before and after the query","将在查询前后添加""%""",
Will be your login ID,将是您的登录ID,
Will only be shown if section headings are enabled,如果章节标题启用才会显示,
Will run scheduled jobs only once a day for inactive sites. Set it to 0 to avoid automatically disabling the scheduler.,非活跃站点每天仅运行一次定时任务，设为0禁用此功能,
With Letter head,有打印表头,
Worker Information,工作者信息,
Worker Name,工作者名称,
Workflow,流程,
Workflow Action,待审批工作流,
Workflow Action Master,工作流操作主数据,
Workflow Action Name,工作流操作名称,
Workflow Action Permitted Role,工作流操作被授权角色,
Workflow Action is not created for optional states,未为可选状态创建工作流操作,
Workflow Builder,工作流设计器,
Workflow Builder ID,工作流构建器ID,
Workflow Builder allows you to create workflows visually. You can drag and drop states and link them to create transitions. Also you can update their properties from the sidebar.,工作流构建器允许您可视化地创建工作流。您可以拖放状态并链接它们以创建转换。您还可以从侧边栏更新其属性。,
Workflow Data,工作流数据,
Workflow Details,工作流详情,
Workflow Document State,工作流单据状态,
Workflow Evaluation Error,工作流评估错误,
Workflow Name,工作流名称,
Workflow State,工作流状态,
Workflow State Field,工作流状态字段,
Workflow State not set,工作流状态未设置,
Workflow State transition not allowed from {0} to {1},不允许从{0}到{1}的工作流状态转换,
Workflow States Don't Exist,工作流状态不存在,
Workflow Status,工作流状态,
Workflow Task,工作流任务,
Workflow Transition,工作流状态转换,
Workflow Transition Task,工作流转场任务,
Workflow Transition Tasks,工作流转场任务,
Workflow state represents the current state of a document.,工作流状态表明单据目前的状态。,
Workflow updated successfully,工作流更新成功,
Workspace,工作区,
Workspace <b>{0}</b> does not exist,工作区<b>{0}</b>不存在,
Workspace Chart,工作区图表,
Workspace Custom Block,工作区自定义html块,
Workspace Link,工作区链接,
Workspace Manager,工作区管理员,
Workspace Number Card,工作区数字卡,
Workspace Quick List,工作区快速访问列表,
Workspace Shortcut,工作区捷径,
Workspace Sidebar,工作区侧边栏,
Workspace Sidebar Item,工作区侧边栏项目,
Workspace added to desktop,工作区已添加到桌面,
Workspace {0} created,工作区{0}已创建,
Workspaces,工作区集,
Would you like to publish this comment? This means it will become visible to website/portal users.,是否确认发布本评论？发布后网站/门户用户可见。,
Would you like to unpublish this comment? This means it will no longer be visible to website/portal users.,是否确认取消发布本评论？取消后网站/门户用户将不可见。,
Wrapping up,已圆满完成,
Write,写入,
Wrong Fetch From value,错误的获取来源值,
X Axis Field,X轴字段,
X Field,X字段,
XLSX,XLSX格式,
XMLHttpRequest Error,XMLHttpRequest 错误,
Y Axis,Y轴,
Y Axis Fields,Y轴字段,
Y Field,Y轴字段,
Yahoo Mail,雅虎邮箱,
Yandex.Mail,Yandex邮箱,
Year,年份,
Yearly,每年,
Yellow,黄色,
Yes,是,
Yesterday,昨天,
You Liked,您已点赞,
You added 1 row to {0},您向{0}添加了1行,
You added {0} rows to {1},您向{1}添加了{0}行,
"You are about to open an external link. To confirm, click the link again.",您即将打开外部链接。请再次点击链接以确认。,
You are connected to internet.,已联网。,
You are not allowed to access this resource,您无权访问此资源,
You are not allowed to access this {0} record because it is linked to {1} '{2}' in field {3},无权限访问{0} 类型单据，链接字段 {3} 引用了你无权访问的 {1} '{2}',
"You are not allowed to access this {0} record because it is linked to {1} '{2}' in row {3}, field {4}",无权限访问 {0} 类型单据，第{3}行，链接字段 {4} 引用了你无权访问的 {1} '{2}',
You are not allowed to create columns,你无权创建列,
You are not allowed to delete Standard Report,您无权删除标准报表,
You are not allowed to delete a standard Notification. You can disable it instead.,您不能删除标准通知。您可以改为禁用它。,
You are not allowed to delete a standard Website Theme,不允许删除标准网站主题,
You are not allowed to edit the report.,您无权编辑此报表,
You are not allowed to export {} doctype,未被授权导出单据类型{},
You are not allowed to print this report,您未被授权打印此报表,
You are not allowed to send emails related to this document,你不允许发送与此单据相关的电子邮件,
You are not allowed to update the status of this event.,您不能更新此事件的状态。,
You are not allowed to update this Web Form Document,你不允许更新此Web表单,
You are not authorized to undo this email,您无权撤回此邮件,
You are not connected to Internet. Retry after sometime.,你没有连接到互联网。在某个时间后重试。,
You are not permitted to access this page without login.,未登录状态下无权访问此页面,
You are not permitted to access this page.,你没有权限访问此页面。,
You are not permitted to access this resource. Login to access,您无权访问此资源。请登录后访问,
You are now following this document. You will receive daily updates via email. You can change this in User Settings.,您现在正在关注此单据。您将通过电子邮件收到每日更新。您可以在“用户设置”中进行更改。,
"You are only allowed to update order, do not remove or add apps.",仅允许调整应用顺序，不可增删应用,
"You are selecting Sync Option as ALL, It will resync all read as well as unread message from server. This may also cause the duplication of Communication (emails).",选择全量同步将重新同步服务器所有消息，可能导致通讯记录重复,
You can add dynamic properties from the document by using Jinja templating.,您可以通过Jinja模板来添加单据的动态属性。,
You can also access wkhtmltopdf variables (valid only in PDF print):,可使用wkhtmltopdf变量（仅限PDF打印）：,
You can also copy-paste following link in your browser,也可在浏览器中粘贴以下链接,
You can also copy-paste this,您也可以复制粘贴此内容,
You can also copy-paste this {0} to your browser,也可将{0}粘贴到浏览器,
You can ask your team to resend the invitation if you'd still like to join.,若您仍希望加入，可请团队重新发送邀请。,
You can change the retention policy from {0}.,可在 {0} 中设置日志保留天数让系统自动删除过期数据,
You can continue with the onboarding after exploring this page,浏览本页后可继续完成新手引导,
You can disable this {0} instead of deleting it.,你可以禁用而不是删除物料 {0},
You can increase the limit from System Settings.,可从系统设置中提高限制,
You can manually remove the lock if you think it's safe: {},若确认安全可手动移除锁：{},
You can only insert images in Markdown fields,仅可在Markdown字段插入图片,
You can only print upto {0} documents at a time,一次最多打印{0}个文档,
You can only set the 3 custom doctypes in the Document Types table.,文档类型表中仅可设置3个自定义文档类型,
"You can only upload JPG, PNG, GIF, PDF, TXT, CSV or Microsoft documents.",您只能上传 JPG、PNG、GIF、PDF、TXT、CSV 或 Microsoft 文档。,
You can only upload upto 5000 records in one go. (may be less in some cases),一次最多只能上传5000条记录(某些情况下可能更少),
"You can select one from the following,",可从以下选项中选择：,
You can set a high value here if multiple users will be logging in from the same network.,若多个用户从同一网络登录，可在此设置较高值,
You can try changing the filters of your report.,可尝试变更报表过滤条件,
You can use Customize Form to set levels on fields.,可以使用定制表单设置字段的权限级别。,
You can't set 'Options' for field {0},您不能为字段{0}设置“选项”,
You can't set 'Translatable' for field {0},您无法为字段{0}设置“可翻译”,
You can't set standard field {0} as virtual,您不能将标准字段 {0} 设为虚拟,
You cannot create a dashboard chart from single DocTypes,不能为单记录单据类型创建统计图表,
You cannot share `{0}` on {1} `{2}` as you do not have `{0}` permission on `{1}`,您无法在 {1} `{2}` 上共享 `{0}`，因为您没有 `{1}` 上的 `{0}` 权限,
You cannot unset 'Read Only' for field {0},你不能为字段{0}取消“只读”设置,
You changed the value of {0},你更改了 {0},
You changed the value of {0} {1},你变更了 {0} {1},
You changed the values for {0},你变更了 {0},
You changed the values for {0} {1},你变更了 {0} {1},
You created this,你创建了本单据,
You do not have enough permissions to access this resource. Please contact your manager to get access.,您没有足够的权限来访问该资源。请联系您的经理，以获得访问权。,
You do not have enough permissions to complete the action,您未被授权完成此操作,
You do not have import permission for {0},您没有 {0} 的导入权限,
You do not have permission to access child table field: {0},您没有访问子表字段的权限：{0},
You do not have permission to access field: {0},您无权访问字段：{0},
You do not have permission to access {0}: {1}.,您无权访问{0}：{1}。,
You do not have permissions to cancel all linked documents.,没有权限取消所有关联的单据,
You don't have access to Report: {0},您没有权限访问报表：{0},
You don't have permission to access the {0} DocType.,您无权访问{0}文档类型,
You don't have permission to access this file,您没有权限访问该文件,
You don't have permission to get a report on: {0},你没有权限获得{0}的报表,
You don't have the permissions to access this document,您未被授权访问此单据,
You have a new message from:,您收到来自以下用户的新消息：,
You have been successfully logged out,您已成功注销,
You have hit the row size limit on database table: {0},已达到数据库表{0}的行大小限制,
You have not entered a value. The field will be set to empty.,未输入字段值，字段值将被设为空值,
You have to enable Two Factor Auth from System Settings.,需从系统设置启用双因素认证,
You have unsaved changes in this form. Please save before you continue.,本表单中存在未保存的修改，请先保存。,
You have unseen {0},待查看{0},
You haven't added any Dashboard Charts or Number Cards yet.,尚未创建统计图表或数字卡,
You haven't created a {0} yet,暂无数据 {0},
You hit the rate limit because of too many requests. Please try after sometime.,请求过多触发速率限制，请稍后重试,
You last edited this,你最新修订了本单据,
You must add atleast one link.,必须至少添加一个链接,
You must be logged in to use this form.,必须登录才能使用此表单,
You must login to submit this form,您必须登录才能提交此表单,
You need the '{0}' permission on {1} {2} to perform this action.,执行此操作需要{1} {2}的'{0}'权限,
You need to be Workspace Manager to delete a public workspace.,需为工作区管理员才能删除公共工作区,
You need to be Workspace Manager to edit this document,您需要是工作空间管理员才能编辑此文档,
You need to be a system user to access this page.,您需要是系统用户才能访问此页面,
You need to be in developer mode to edit a Standard Web Form,你需要在开发模式编辑标准Web窗体,
You need to be logged in and have System Manager Role to be able to access backups.,您需要先登录，并具有系统管理员角色才能够访问备份。,
You need to be logged in to access this page,您需要登录才能访问该页面,
You need to be logged in to access this {0}.,您需要登录才能访问此{0}。,
You need to be {0} to rename this document,您需要是 {0} 才能重命名此文档,
You need to create these first:,您需要先创建以下内容：,
You need to enable JavaScript for your app to work.,您需要启用JavaScript才能使应用正常工作,
"You need to have ""Share"" permission",你需要有“分享”权限,
You need to install pycups to use this feature!,您需要安装pycups才能使用此功能！,
You need to select indexes you want to add first.,您需要先选择要添加的索引,
You need to set one IMAP folder for {0},您需要为{0}设置一个IMAP文件夹,
You need write permission on {0} {1} to merge,您需要{0} {1}的写入权限才能合并,
You need write permission on {0} {1} to rename,您需要{0} {1}的写入权限才能重命名,
You need {0} permission to fetch values from {1} {2},您需要{0}权限才能从{1} {2}获取值,
You removed 1 row from {0},您从{0}移除了1行,
You removed {0} rows from {1},您从{1}移除了{0}行,
You seem good to go!,您已准备就绪！,
You seem to have written your name instead of your email. Please enter a valid email address so that we can get back.,您似乎输入了姓名而非电子邮箱。请输入有效的电子邮箱以便我们回复,
You selected Draft or Cancelled documents,您选择了草稿或已取消的单据,
You unfollowed this document,您取消了对该单据的关注,
You viewed this,您查看了此内容,
You will be redirected to:,您将被重定向至：,
You've been invited to join {0},您已获邀加入{0},
You've been invited to join {0}.,您已获邀加入{0}。,
You've logged in as another user from another tab. Refresh this page to continue using system.,在另一个浏览器页签用另一个账号登录了，请刷新浏览器后切换到新帐号继续,
YouTube,YouTube的,
"Your CSV file is being generated and will appear in the Attachments section once ready. Additionally, you will get notified when the file is available for download.",您的CSV文件正在生成，完成后将显示在附件区域。此外，文件可供下载时您将收到通知。,
Your Country,国家,
Your Language,语言,
Your Name,您的姓名,
Your PDF is ready for download,PDF已可下载,
Your Shortcuts,快速访问,
Your account has been deleted,您的账户已被删除,
Your account has been locked and will resume after {0} seconds,您的账户已被锁定，并将在{0}秒后恢复,
Your assignment on {0} {1} has been removed by {2},{2}移除了您在{0} {1}上的分配,
Your browser does not support the audio element.,您的浏览器不支持音频元素,
Your browser does not support the video element.,您的浏览器不支持视频元素,
Your connection request to Google Calendar was successfully accepted,您的Google日历连接请求已成功接受,
Your email address,您的电子邮件地址,
Your exported report: {0},您导出的报告：{0},
Your form has been successfully updated,您的表单已成功更新,
Your invitation to join {0} has been cancelled by the site administrator.,您加入{0}的邀请已被站点管理员取消。,
Your invitation to join {0} has expired.,您加入{0}的邀请已过期。,
Your login id is,您的登录ID是,
Your new password has been set successfully.,您的新密码已设置成功,
Your old password is incorrect.,您的旧密码不正确,
Your organization name and address for the email footer.,用于邮件页脚的机构名称和地址,
Your password has been changed and you might have been logged out of all systems.<br>Please contact the Administrator for further assistance.,您的密码已更改，您可能已从所有系统登出。<br>请联系管理员获取进一步帮助。,
"Your query has been received. We will reply back shortly. If you have any additional information, please reply to this mail.",您的问题已收到。我们将尽快回复邮件。如果您还有任何其他的信息，请回覆此邮件。,
Your report is being generated in the background. You will receive an email on {0} with a download link once it is ready.,您的报告正在后台生成。报告准备就绪后，您将在{0}收到包含下载链接的邮件。,
"Your session has expired, please login again to continue.",您的会话已过期，请再次登录以继续。,
Your verification code is {0},您的验证码是{0},
Zero,零,
Zero means send records updated at anytime,零值表示发送所有时间更新的记录,
[Action taken by {0}],[操作由{0}执行],
`as_iterator` only works with `as_list=True` or `as_dict=True`,`as_iterator`仅在使用`as_list=True`或`as_dict=True`时有效,
`job_id` paramater is required for deduplication.,去重需要`job_id`参数,
after_insert,插入后,
amend,修订,
and,和,
ascending,升序,
blue,蓝色,
by Role,角色,
cProfile Output,cProfile输出,
calendar,日历,
cancel,取消,
canceled,已取消,
chrome,Chrome浏览器,
clear,清除,
commented,已评论,
completed,已完成,
create,创建,
cyan,青色,
darkgrey,深灰色,
dashboard,数据面板,
dd-mm-yyyy,日-月-年,
dd.mm.yyyy,日.月.年,
dd/mm/yyyy,日/月/年,
default,默认,
deferred,延迟,
delete,删除,
descending,降序,
"document type..., e.g. customer",单据类型...，如客户,
"e.g. ""Support"", ""Sales"", ""Jerry Yang""","例如：""技术支持""、""销售部""、""张三""",
e.g. (55 + 434) / 4,例如 (55 + 434) / 4,
e.g. pop.gmail.com / imap.gmail.com,例如pop.gmail.com/imap.gmail.com,
e.g. replies@yourcomany.com. All replies will come to this inbox.,例如replies@yourcompany.com，所有回复将发送至此收件箱,
e.g. smtp.gmail.com,例如smtp.gmail.com,
e.g.:,例如：,
emacs,Emacs编辑器,
email,电子邮件,
email inbox,电子邮件收件箱,
empty,空,Comparison value is empty
export,导出,
facebook,脸书,
failed,失败,
fairlogin,公平登录,
finished,已完成,
gray,灰色,
green,绿色,
grey,灰白,
gzip not found in PATH! This is required to take a backup.,在PATH中找不到gzip！这是进行备份的必要条件,
here,此处,
hub,集市(Hub)网站,
icon,图标,
import,导入,
is disabled,已禁用,
is enabled,已启用,
jane@example.com,jane@example.com,
just now,刚刚,
label,标签,
light-blue,浅蓝,
linkedin,领英,
logged in,已登录,
login_required,需要登录,
long,长型,
merged {0} into {1},{0}合并为{1},
mm-dd-yyyy,月-日-年,
mm/dd/yyyy,月/日/年,
module name...,模块名称...,
new,新建,
new type of document,单据新类型,
no failed attempts,无失败尝试,
nonce,随机数,
notified,已通知,
now,现在,
of,/,
old_parent,旧父级,
on_cancel,取消时,
on_change,变更时,
on_submit,提交时,
on_trash,删除时,
on_update,更新时,
on_update_after_submit,提交后更新时,
or,或,
orange,橙色,
pink,粉色,
plain,纯文本,
print,打印,
processlist,进程列表,
purple,紫色,
queued,已排队,
read,已读,
red,红色,
renamed from {0} to {1},从更名{0}到{1},
report,报告,
response,响应,
restored {0} as {1},恢复{0}为{1},
s256,s256算法,
scheduled,已计划,
select,选择,
share,共享,
short,短型,
since last month,自上个月,
since last week,自上周,
since last year,自去年,
since yesterday,自昨天,
started,已启动,
starting the setup...,正在启动设置...,
steps completed,步骤已完成,
"string value, i.e. group",字符串值，例如：组,
"string value, i.e. member",字符串值，例如：成员,
"string value, i.e. {0} or uid={0},ou=users,dc=example,dc=com","字符串值，例如：{0} 或 uid={0},ou=users,dc=example,dc=com",
submit,提交,
"tag name..., e.g. #tag",标签名称...，例如#标签,
text in document type,文件类型的文本,
this form,此表单,
this shouldn't break,这不应中断,
to close,关闭,
to navigate,导航,
to select,选择,
to your browser,至您的浏览器,
twitter,推特,
updated to {0},更新{0},
use % as wildcard,使用％作为通配符,
values separated by commas,用逗号分隔的值,
version_table,版本表,
via Assignment Rule,通过分配规则,
via Auto Repeat,通过自动重复,
via Data Import,通过数据导入,
via Google Meet,通过Google Meet,
via Notification,通过通知,
via {0},通过{0},
vim,Vim编辑器,
vscode,VS Code编辑器,
wants to access the following details from your account,希望从您的账户访问以下详细信息,
when clicked on element it will focus popover if present.,点击元素时将聚焦弹窗（如果存在）。,
wkhtmltopdf,wkhtmltopdf工具,
wkhtmltopdf 0.12.x (with patched qt).,wkhtmltopdf 0.12.x（带补丁的qt）,
workflow_transition,工作流转换,
write,写入,
yellow,黄色,
yesterday,昨天,
yyyy-mm-dd,年-月-日,
{0},{0},
"{0} ${skip_list ? """" : type}","{0} ${skip_list ? """" : 类型}",
{0} ${type},{0} ${type},
{0} ({1}),{0}（{1}）,
{0} ({1}) (1 row mandatory),{0}（{1}）（至少1行）,
{0} ({1}) - {2}%,{0}（{1}）- {2}%,
{0} = {1},{0} = {1},
{0} Calendar,{0}日历,
{0} Chart,{0}图表,
{0} Dashboard,{0}数据面板,
{0} Fields,{0}字段,
{0} Google Calendar Events synced.,已同步{0}个Google日历事件,
{0} Google Contacts synced.,{0} Google通讯录同步。,
{0} Liked,{0}点赞,
{0} List,{0}列表,
{0} List View Settings,{0}列表视图设置,
{0} M,{0} 月,
{0} Map,{0}地图,
{0} Name,{0}单据编号(名称),
{0} Not allowed to change {1} after submission from {2} to {3},{0} 提交后不允许将 {1} 从 {2} 修改为 {3},
{0} Report,{0}报表,
{0} Reports,{0}报告,
{0} Settings,{0}设置,
{0} Tree,{0} 树,
{0} Web page views,{0}次网页浏览,
{0} added,{0} 成功添加,
{0} added 1 row to {1},{0}向{1}添加了1行,
{0} added {1} rows to {2},{0}向{2}添加了{1}行,
{0} already exists. Select another name,{0}已存在。选择其他名称,
{0} already unsubscribed,{0}已经退订,
{0} already unsubscribed for {1} {2},{0}已经退订了{1} {2},
{0} and {1},{0}和{1},
{0} are currently {1},{0}当前状态为{1},
{0} are required,需要{0},
{0} assigned a new task {1} {2} to you,{0}分派了新任务 {1} {2} 给你,
{0} assigned {1}: {2},{0}已分派{1}：{2},
{0} can not be more than {1},{0}不能超过{1},
{0} cancelled this document,{0} 取消了本单据,
{0} cannot be amended because it is not cancelled. Please cancel the document before creating an amendment.,{0}未被取消，无法修订。请在创建修订前取消该文档,
{0} cannot be hidden and mandatory without any default value,{0}没有默认值不能同时隐藏和设为必填,
{0} changed the value of {1},{0} 变更了 {1},
{0} changed the value of {1} {2},{0} 变更了 {1} {2},
{0} changed the values for {1},{0} 变更了 {0} {1},
{0} changed the values for {1} {2},{0}更改了{1} {2}的值,
"{0} contains an invalid Fetch From expression, Fetch From can't be self-referential.",{0}包含无效的Fetch From表达式，不能自我引用,
{0} contains {1},{0} 包含 {1},
{0} created successfully,{0}已成功创建,
{0} created this,{0} 创建了本单据,
{0} d,{0} 天,
{0} days ago,{0}天前,
{0} does not contain {1},{0} 不包含 {1},
{0} does not exist in row {1},{0}不存在于第{1}行中,
{0} equals {1},{0} 等于 {1},
"{0} field cannot be set as unique in {1}, as there are non-unique existing values",{0}字段不能在{1}中设置为唯一，因为这里存在非唯一的数值,
{0} format could not be determined from the values in this column. Defaulting to {1}.,无法根据此列值确定{0}格式，默认使用{1},
{0} from {1} to {2},{0} 从 {1} 变更为 {2},
{0} from {1} to {2} in row #{3},第{3}行中的 {0} 从 {1} 变更为 {2},
{0} h,{0}小时,
{0} has already assigned default value for {1}.,{0}已为{1}分派了默认值。,
{0} has invalid backtick notation: {1},{0} 包含无效的反引号表示法：{1},
{0} has left the conversation in {1} {2},{0}已经离开对话{1} {2},
{0} hours ago,{0}小时前,
{0} if you are not redirected within {1} seconds,如果{1}秒内未自动跳转，请点击{0},
{0} in row {1} cannot have both URL and child items,行{1}中的{0}不能同时有URL和子项,
{0} is a descendant of {1},{0} 是 {1} 的后代,
{0} is a mandatory field,{0}是必填字段,
{0} is a not a valid zip file,{0}不是有效的zip文件,
{0} is after {1},{0} 在 {1} 之后,
{0} is an ancestor of {1},{0} 是 {1} 的祖先,
{0} is an invalid Data field.,{0}是无效的数据字段,
{0} is an invalid email address in 'Recipients',{0}是“收件人”中的无效电子邮件地址,
{0} is before {1},{0} 在 {1} 之前,
{0} is between {1},{0} 介于 {1} 之间,
{0} is between {1} and {2},{0}介于{1}和{2}之间,
{0} is currently {1},{0}当前状态为{1},
{0} is disabled,{0} 已禁用,
{0} is enabled,{0} 已启用,
{0} is equal to {1},{0}等于{1},
{0} is greater than or equal to {1},{0}大于或等于{1},
{0} is greater than {1},{0}大于{1},
{0} is less than or equal to {1},{0}小于或等于{1},
{0} is less than {1},{0}小于{1},
{0} is like {1},{0}类似于{1},
{0} is mandatory,{0} 是必填项,
{0} is not a descendant of {1},{0} 不是 {1} 的后代,
{0} is not a field of doctype {1},{0}不是文档类型{1}的字段,
{0} is not a raw printing format.,{0}不是原生打印命令格式。,
{0} is not a valid Calendar. Redirecting to default Calendar.,{0}不是有效的日历，正在重定向到默认日历,
{0} is not a valid Cron expression.,{0}不是有效的Cron表达式,
{0} is not a valid DocType for Dynamic Link,{0}不是有效的动态链接文档类型,
{0} is not a valid Email Address,{0} 不是有效的邮箱地址,
{0} is not a valid ISO 3166 ALPHA-2 code.,{0}不是有效的ISO 3166 ALPHA-2代码,
{0} is not a valid Name,{0}不是有效的名称,
{0} is not a valid Phone Number,{0}不是有效的电话号码,
{0} is not a valid Workflow State. Please update your Workflow and try again.,{0}不是有效的工作流状态。请更新您的工作流，然后重试。,
{0} is not a valid parent DocType for {1},{0}不是{1}的有效父文档类型,
{0} is not a valid parentfield for {1},{0}不是{1}的有效父字段,
{0} is not a valid report format. Report format should one of the following {1},{0}不是有效的报告格式。报告格式应为以下之一：{1},
{0} is not a zip file,{0}不是zip文件,
{0} is not an allowed role for {1},{0}不是{1}的允许角色,
{0} is not an ancestor of {1},{0} 不是 {1} 的祖先,
{0} is not equal to {1},{0}不等于{1},
{0} is not like {1},{0}与{1}不相似,
{0} is not one of {1},{0}不属于{1},
{0} is not set,{0}未设置,
{0} is now default print format for {1} doctype,{0}现在是{1}类型的默认打印格式,
{0} is on or after {1},{0} 在 {1} 当天或之后,
{0} is on or before {1},{0} 在 {1} 当天或之前,
{0} is one of {1},{0}属于{1},
{0} is required,{0} 是必填项,
{0} is set,{0}已设置,
{0} is within {1},{0}在{1}范围内,
{0} is {1},{0} 是 {1},
{0} items selected,已选{0}条记录,
{0} just impersonated as you. They gave this reason: {1},{0} 因为 {1} 原因以你的帐号登录了系统,
{0} last edited this,{0} 最新修订了本单据,
{0} logged in,{0}已登录,
{0} logged out: {1},{0} 登出: {1},
{0} m,{0} 分,
{0} mentioned you in a comment in {1} {2},{0}在{1}{2}的评论中@提及了您,
{0} minutes ago,{0}分钟前,
{0} months ago,{0}个月前,
{0} must be after {1},{0}必须在{1}之后,
{0} must be beginning with '{1}',{0}必须以'{1}'开头,
{0} must be equal to '{1}',{0}必须等于'{1}',
{0} must be none of {1},{0}不能是{1}中的任何值,
{0} must be one of {1},{0}必须属于{1},
{0} must be set first,{0}必须首先设置,
{0} must be unique,{0}必须是唯一的,
{0} must be {1} {2},{0}必须是{1}{2},
"{0} must begin and end with a letter and can only contain letters, hyphen or underscore.",{0}必须以字母开头和结尾，仅可包含字母、连字符或下划线,
{0} not a valid State,{0}不是有效状态,
{0} not allowed to be renamed,{0}不允许改名,
{0} of {1},第{0}项 / 共{1}项,
{0} of {1} ({2} rows with children),{0} / {1} ({2} 行有子记录),
{0} of {1} records match (filtered on visible rows only),{0}/{1} 条记录匹配（仅对可见行筛选）,
{0} or {1},{0}或{1},
{0} record deleted,{0}记录已删除,
{0} records are not automatically deleted.,{0} 不会被自动删除,
{0} records are retained for {1} days.,{0}条记录将保留{1}天,
{0} records deleted,已删除{0}条记录,
{0} records will be exported,将导出 {0} 笔记录,
{0} removed 1 row from {1},{0}从{1}移除了1行,
{0} removed their assignment.,{0}移除了其分配,
{0} removed {1} rows from {2},{0}从{2}移除了{1}行,
{0} restricted document,{0} 个受限文档,
{0} restricted documents,{0} 个受限文档,
{0} role does not have permission on any doctype,角色 {0} 无单据类型权限,
{0} row #{1}:,{0}第{1}行：,
{0} saved successfully,{0}已成功保存,
{0} self assigned this task: {1},{0}分派了待办给自己：{1},
{0} shared a document {1} {2} with you,{0}分享了单据{1} {2}给你,
{0} shared this document with everyone,{0}将本单据分享给了所有人,
{0} shared this document with {1},{0}向{1}分享了此单据,
{0} should be indexed because it's referred in dashboard connections,{0}应建立索引，因其在仪表盘连接中被引用,
{0} should not be same as {1},{0}应该与{1}相同,
{0} submitted this document,{0} 提交了本单据,
{0} subscribers added,{0}新增用户,
{0} to stop receiving emails of this type,{0}停止接收此类邮件,
{0} to {1},{0}到{1},
{0} un-shared this document with {1},{0}关闭了此单据对{1}的分享,
{0} updated,{0}已更新,
{0} values selected,已选择{0}个值,
{0} viewed this,{0}查看了此项,
{0} w,{0} 周,
{0} weeks ago,{0}周前,
{0} with the role <strong>{1}</strong>,具有角色 <strong>{1}</strong> 的 {0},
{0} y,{0}年前,
{0} years ago,{0}年前,
{0} {1} added,已添加{0} {1},
{0} {1} added to Dashboard {2},{0}{1}已添加到仪表盘{2},
{0} {1} already exists,{0} {1}已经存在,
"{0} {1} cannot be ""{2}"". It should be one of ""{3}""",{0} {1}不能为“{2}”。只能是“{3}”其中一个,
{0} {1} cannot be a leaf node as it has children,{0} {1}不能是一个叶节点，因为它有下级,
"{0} {1} does not exist, select a new target to merge",{0} {1}不存在，选择一个新的目标合并,
{0} {1} is linked with the following submitted documents: {2},{0} {1} 关联了下列已提交单据: {2},
{0} {1} not found,{0} {1}未找到,
{0} {1}: Submitted Record cannot be deleted. You must {2} Cancel {3} it first.,{0} {1}: 已提交单据不可被删除. 应 {2} 先取消 {3}.,
"{0}, Row {1}",{0}，第{1}行,
{0}/{1} complete | Please leave this tab open until completion.,已完成{0}/{1} | 请保持此标签页开启直至完成,
"{0}: '{1}' ({3}) will get truncated, as max characters allowed is {2}",{0}：“{1}”（{3}）将被截断，因最大允许字符数为{2},
{0}: Cannot set Amend without Cancel,{0} ：没有“取消”的情况下不能设置“修订”,
{0}: Cannot set Assign Amend if not Submittable,{0} ：没有“提交”的情况下不能分派“修订”,
{0}: Cannot set Assign Submit if not Submittable,{0} ：没有“提交”的情况下不能分派“提交”,
{0}: Cannot set Cancel without Submit,{0} ：没有“提交”的情况下不能分派“取消”,
{0}: Cannot set Import without Create,{0} ：没有“创建”的情况下不能分派“导入”,
"{0}: Cannot set Submit, Cancel, Amend without Write",{0} ：没有写入的情况下不能设置“提交”，“取消”，“修订”,
{0}: Cannot set import as {1} is not importable,{0} ：{1}无法导入所以不能设置“导入”,
"{0}: Failed to attach new recurring document. To enable attaching document in the auto repeat notification email, enable {1} in Print Settings",{0}：附加新周期性文档失败。需在打印设置中启用{1}以在自动重复通知邮件中附加文档,
{0}: Field '{1}' cannot be set as Unique as it has non-unique values,{0}：字段“{1}”无法设置为“唯一”，因为它具有非唯一值,
{0}: Field {1} in row {2} cannot be hidden and mandatory without default,{0}：行{2}中的字段{1}无法隐藏，并且在没有默认情况下是必需的,
{0}: Field {1} of type {2} cannot be mandatory,{0}：类型{2}的字段{1}不能是必需的,
{0}: Fieldname {1} appears multiple times in rows {2},{0}：字段名{1}在行{2}中多次出现,
{0}: Fieldtype {1} for {2} cannot be unique,{0}：{2}的字段类型{1}不能是唯一的,
{0}: No basic permissions set,{0} ：基本权限未设置,
"{0}: Only one rule allowed with the same Role, Level and {1}",{0}：具有相同的角色，级别和允许只有一个规则{1},
{0}: Options must be a valid DocType for field {1} in row {2},{0}：选项必须是行{2}中字段{1}的有效DocType,
{0}: Options required for Link or Table type field {1} in row {2},{0}：请为第{2}行中的链接或表类型字段{1}维护选项信息,
{0}: Options {1} must be the same as doctype name {2} for the field {3},{0}：选项{1}必须与字段{3}的单据类型名称{2}相同,
{0}: Other permission rules may also apply,{0}:其它权限也可能适用,
{0}: Permission at level 0 must be set before higher levels are set,{0} ：更高级别的权限设置前请先设置0级权限,
{0}: You can increase the limit for the field if required via {1},{0}：可通过{1}按需调整字段限制,
{0}: fieldname cannot be set to reserved field {1} in DocType,{0}：字段名不能设置为文档类型中的保留字段 {1},
{0}: fieldname cannot be set to reserved keyword {1},{0}：字段名不能设为保留关键字{1},
{0}: {1},{0}：{1},
{0}: {1} is set to state {2},{0}：{1} 状态已变更为 {2},
{0}: {1} vs {2},{0}：{1}与{2},
{0}:Fieldtype {1} for {2} cannot be indexed,{0}：无法为{2}的字段类型{1}生成索引,
{1} saved,{1}已保存,
{count} cell copied,已复制{count}个单元格,
{count} cells copied,已复制{count}个单元格,
{count} row selected,已选择{count}行,
{count} rows selected,已选择{count}行,
{{{0}}} is not a valid fieldname pattern. It should be {{field_name}}.,{{{0}}}是不是一个有效的字段名模式。它应该是{{FIELD_NAME}}。,
{} Complete,已完成{},
{} Invalid python code on line {},第{}行存在无效Python代码,
{} Possibly invalid python code. <br>{},可能存在无效Python代码：<br>{},
{} does not support automated log clearing.,{}不支持自动日志清理,
{} field cannot be empty.,{}字段不能为空,
{} has been disabled. It can only be enabled if {} is checked.,{}已被禁用，需勾选{}方可启用,
{} is not a valid date string.,{}不是有效日期字符串,
{} not found in PATH! This is required to access the console.,PATH中未找到{}！访问控制台需要此组件,
{} not found in PATH! This is required to restore the database.,PATH中未找到{}！恢复数据库需要此组件,
{} not found in PATH! This is required to take a backup.,PATH中未找到{}！执行备份需要此组件,
← Back to upload files,返回上传文件,
第 {0} 行：项目 {1} 归属于 {2}，但选择的部门是 {3}，请修改！,第 {0} 行：项目 {1} 归属于 {2}，但选择的部门是 {3}，请修改！,
